{"type":"FeatureCollection","features":[{"type":"Feature","properties":{"code":"vn"},"geometry":{"type":"MultiPolygon","coordinates":[[[[104.064,10.391],[104.082,10.34],[104.075,10.226],[104.036,10.111],[104.05,10.061],[104.018,10.03],[103.953,10.243],[103.866,10.335],[103.848,10.372],[103.899,10.368],[103.985,10.427],[104.028,10.429],[104.064,10.391]]],[[[107.974,21.508],[107.927,21.499],[107.808,21.498],[107.708,21.406],[107.636,21.367],[107.528,21.336],[107.409,21.284],[107.376,21.194],[107.373,21.128],[107.355,21.055],[107.164,20.949],[107.11,20.959],[107.074,20.999],[107.02,20.991],[106.98,20.972],[106.937,20.973],[106.887,20.951],[106.822,20.958],[106.761,20.991],[106.725,20.999],[106.682,21.001],[106.674,20.961],[106.736,20.807],[106.754,20.735],[106.552,20.527],[106.574,20.392],[106.52,20.289],[106.397,20.206],[106.167,19.992],[106.062,19.987],[105.983,19.939],[105.814,19.588],[105.81,19.466],[105.785,19.38],[105.792,19.295],[105.717,19.128],[105.638,19.057],[105.623,18.966],[105.731,18.779],[105.746,18.746],[105.807,18.645],[105.839,18.574],[105.89,18.503],[106.066,18.317],[106.145,18.26],[106.239,18.22],[106.412,18.053],[106.498,17.946],[106.458,17.875],[106.48,17.72],[106.354,17.765],[106.372,17.746],[106.516,17.663],[106.736,17.368],[106.926,17.222],[107.121,17.055],[107.182,16.897],[107.355,16.793],[107.549,16.642],[107.542,16.609],[107.592,16.567],[107.726,16.487],[107.805,16.402],[107.834,16.323],[107.88,16.31],[107.938,16.329],[107.992,16.336],[108.028,16.331],[108.089,16.243],[108.168,16.163],[108.208,16.092],[108.24,16.1],[108.266,16.09],[108.273,16.029],[108.287,15.989],[108.395,15.873],[108.446,15.764],[108.579,15.585],[108.672,15.484],[108.744,15.427],[108.82,15.378],[108.899,15.18],[108.939,15.001],[109.022,14.804],[109.086,14.717],[109.086,14.552],[109.137,14.383],[109.191,14.271],[109.209,14.154],[109.223,14.097],[109.245,14.054],[109.302,13.856],[109.288,13.765],[109.248,13.854],[109.252,13.59],[109.288,13.451],[109.27,13.279],[109.31,13.219],[109.378,13.026],[109.425,12.956],[109.421,12.719],[109.446,12.599],[109.382,12.67],[109.335,12.752],[109.274,12.708],[109.22,12.646],[109.306,12.39],[109.205,12.415],[109.216,12.073],[109.256,11.993],[109.259,11.955],[109.248,11.908],[109.22,11.958],[109.216,12.01],[109.198,12],[109.202,11.972],[109.166,11.911],[109.158,11.837],[109.191,11.774],[109.198,11.726],[109.173,11.665],[109.133,11.601],[109.04,11.592],[109.018,11.469],[108.986,11.337],[108.82,11.316],[108.701,11.2],[108.55,11.156],[108.417,11.04],[108.273,10.934],[108.176,10.92],[108.096,10.898],[108.003,10.72],[107.844,10.7],[107.564,10.556],[107.47,10.486],[107.384,10.458],[107.261,10.398],[107.236,10.42],[107.193,10.472],[107.088,10.498],[107.034,10.556],[107.02,10.63],[107.006,10.66],[106.984,10.618],[106.966,10.441],[106.948,10.401],[106.901,10.384],[106.811,10.434],[106.728,10.536],[106.606,10.465],[106.642,10.457],[106.7,10.462],[106.743,10.444],[106.779,10.377],[106.775,10.339],[106.757,10.295],[106.642,10.288],[106.491,10.304],[106.466,10.299],[106.602,10.231],[106.728,10.193],[106.786,10.151],[106.786,10.116],[106.714,10.061],[106.66,9.991],[106.656,9.948],[106.656,9.901],[106.595,9.859],[106.556,9.868],[106.448,9.939],[106.138,10.222],[106.185,10.142],[106.509,9.821],[106.563,9.715],[106.574,9.641],[106.538,9.604],[106.484,9.559],[106.379,9.556],[106.203,9.675],[105.926,9.962],[105.832,10],[106.113,9.674],[106.16,9.594],[106.206,9.502],[106.192,9.448],[106.167,9.396],[105.501,9.094],[105.4,8.962],[105.321,8.8],[105.191,8.712],[105.116,8.629],[104.892,8.583],[104.77,8.597],[104.896,8.747],[104.817,8.802],[104.813,9.186],[104.846,9.606],[104.903,9.816],[104.986,9.868],[105.094,9.901],[105.094,9.944],[105.083,9.997],[105.029,10.068],[104.964,10.101],[104.874,10.115],[104.802,10.203],[104.748,10.2],[104.662,10.17],[104.612,10.208],[104.594,10.267],[104.514,10.34],[104.428,10.411],[104.468,10.422],[104.514,10.464],[104.565,10.516],[104.691,10.523],[104.817,10.521],[104.849,10.535],[104.9,10.59],[104.982,10.661],[105.047,10.701],[105.062,10.734],[105.036,10.809],[105.022,10.887],[105.047,10.911],[105.159,10.898],[105.285,10.861],[105.314,10.845],[105.386,10.941],[105.407,10.951],[105.454,10.951],[105.576,10.969],[105.699,10.995],[105.756,10.99],[105.81,10.925],[105.854,10.863],[105.875,10.859],[105.936,10.885],[105.99,10.852],[106.098,10.797],[106.163,10.795],[106.131,10.922],[106.167,11.012],[106.16,11.036],[106.098,11.078],[105.893,11.245],[105.857,11.295],[105.861,11.373],[105.854,11.488],[105.836,11.559],[105.839,11.601],[105.85,11.635],[105.89,11.649],[105.926,11.653],[105.954,11.682],[106.005,11.759],[106.102,11.752],[106.239,11.708],[106.34,11.682],[106.401,11.687],[106.412,11.698],[106.412,11.738],[106.419,11.911],[106.415,11.948],[106.498,11.965],[106.631,11.969],[106.7,11.979],[106.764,12.052],[106.93,12.078],[107.052,12.175],[107.16,12.278],[107.211,12.304],[107.279,12.321],[107.33,12.319],[107.394,12.26],[107.445,12.295],[107.506,12.364],[107.538,12.432],[107.556,12.54],[107.542,12.706],[107.513,12.835],[107.481,12.934],[107.474,13.031],[107.546,13.226],[107.607,13.437],[107.592,13.522],[107.528,13.654],[107.463,13.816],[107.391,13.993],[107.362,14.019],[107.344,14.069],[107.33,14.126],[107.362,14.307],[107.366,14.37],[107.448,14.451],[107.492,14.547],[107.535,14.651],[107.52,14.705],[107.513,14.817],[107.524,14.871],[107.506,14.916],[107.481,14.981],[107.495,15.022],[107.556,15.057],[107.589,15.118],[107.632,15.191],[107.654,15.255],[107.621,15.31],[107.564,15.392],[107.459,15.467],[107.34,15.56],[107.279,15.619],[107.232,15.678],[107.189,15.748],[107.168,15.802],[107.189,15.838],[107.362,15.922],[107.391,15.951],[107.409,15.998],[107.398,16.043],[107.351,16.067],[107.297,16.085],[107.218,16.137],[107.07,16.279],[107.002,16.312],[106.93,16.354],[106.894,16.397],[106.851,16.515],[106.833,16.526],[106.793,16.491],[106.739,16.453],[106.696,16.46],[106.656,16.493],[106.638,16.538],[106.595,16.6],[106.545,16.651],[106.534,16.821],[106.527,16.876],[106.502,16.954],[106.466,16.982],[106.426,17.003],[106.332,17.144],[106.271,17.217],[106.005,17.414],[105.972,17.447],[105.904,17.529],[105.778,17.644],[105.692,17.737],[105.627,17.835],[105.598,17.918],[105.587,17.984],[105.519,18.078],[105.458,18.154],[105.4,18.18],[105.335,18.19],[105.274,18.236],[105.162,18.338],[105.116,18.406],[105.087,18.451],[105.087,18.496],[105.112,18.572],[105.144,18.618],[105.148,18.651],[105.116,18.678],[104.993,18.729],[104.716,18.803],[104.612,18.861],[104.518,18.933],[104.446,18.984],[104.108,19.196],[104.007,19.23],[103.917,19.269],[103.892,19.305],[103.895,19.34],[103.931,19.366],[104.028,19.421],[104.064,19.482],[104.05,19.564],[104.014,19.647],[104.032,19.675],[104.064,19.678],[104.126,19.682],[104.259,19.685],[104.547,19.611],[104.586,19.619],[104.745,19.755],[104.802,19.836],[104.817,19.904],[104.846,19.947],[104.928,20.018],[104.928,20.083],[104.889,20.17],[104.849,20.202],[104.813,20.216],[104.698,20.206],[104.676,20.225],[104.662,20.289],[104.655,20.329],[104.619,20.374],[104.496,20.414],[104.392,20.425],[104.367,20.442],[104.406,20.485],[104.478,20.529],[104.532,20.555],[104.576,20.6],[104.583,20.647],[104.529,20.689],[104.46,20.734],[104.349,20.821],[104.194,20.914],[104.1,20.946],[104.054,20.942],[103.881,20.862],[103.791,20.81],[103.715,20.716],[103.636,20.697],[103.553,20.737],[103.463,20.781],[103.211,20.841],[103.103,20.892],[102.884,21.202],[102.851,21.267],[102.873,21.338],[102.887,21.44],[102.909,21.506],[102.948,21.57],[102.959,21.626],[102.948,21.682],[102.916,21.713],[102.876,21.722],[102.844,21.735],[102.815,21.807],[102.797,21.798],[102.772,21.709],[102.74,21.678],[102.696,21.662],[102.66,21.676],[102.642,21.711],[102.632,21.772],[102.61,21.852],[102.581,21.904],[102.488,21.958],[102.444,22.027],[102.3,22.178],[102.182,22.284],[102.128,22.379],[102.174,22.414],[102.236,22.466],[102.304,22.546],[102.376,22.647],[102.405,22.708],[102.426,22.734],[102.47,22.751],[102.516,22.741],[102.599,22.701],[102.722,22.649],[102.83,22.588],[102.873,22.525],[102.934,22.466],[102.981,22.449],[103.006,22.452],[103.074,22.497],[103.136,22.543],[103.139,22.593],[103.193,22.638],[103.265,22.713],[103.301,22.765],[103.326,22.77],[103.355,22.754],[103.47,22.598],[103.492,22.588],[103.524,22.612],[103.571,22.734],[103.622,22.782],[103.636,22.77],[103.913,22.537],[103.942,22.541],[103.971,22.551],[103.992,22.586],[104.014,22.666],[104.054,22.753],[104.144,22.8],[104.212,22.81],[104.237,22.768],[104.298,22.713],[104.37,22.704],[104.525,22.805],[104.579,22.82],[104.633,22.819],[104.687,22.822],[104.741,22.86],[104.795,22.911],[104.813,23.011],[104.828,23.1],[104.864,23.136],[104.91,23.161],[104.997,23.194],[105.188,23.28],[105.238,23.322],[105.274,23.345],[105.35,23.308],[105.44,23.235],[105.494,23.181],[105.53,23.122],[105.548,23.072],[105.692,23.03],[105.782,22.97],[105.843,22.923],[105.904,22.925],[105.962,22.937],[106.001,22.975],[106.07,22.975],[106.149,22.97],[106.185,22.956],[106.25,22.869],[106.278,22.857],[106.34,22.864],[106.451,22.893],[106.541,22.909],[106.624,22.874],[106.779,22.779],[106.736,22.711],[106.703,22.638],[106.635,22.586],[106.581,22.574],[106.552,22.501],[106.538,22.395],[106.552,22.341],[106.592,22.324],[106.635,22.289],[106.653,22.242],[106.66,22.136],[106.656,22.018],[106.664,21.978],[106.696,21.985],[106.728,22.001],[106.793,21.982],[106.876,21.951],[106.926,21.919],[106.97,21.925],[107.006,21.893],[107.02,21.834],[107.063,21.794],[107.178,21.716],[107.272,21.711],[107.351,21.609],[107.434,21.642],[107.47,21.598],[107.639,21.614],[107.758,21.656],[107.801,21.645],[107.909,21.56],[107.974,21.508]]],[[[106.617,8.682],[106.588,8.681],[106.566,8.701],[106.66,8.766],[106.649,8.722],[106.653,8.701],[106.617,8.682]]],[[[107.168,10.398],[107.085,10.337],[107.078,10.387],[107.15,10.42],[107.175,10.446],[107.196,10.446],[107.168,10.398]]],[[[106.865,20.815],[106.854,20.796],[106.804,20.843],[106.768,20.864],[106.797,20.928],[106.854,20.859],[106.865,20.815]]],[[[107.603,21.216],[107.459,21.091],[107.405,21.093],[107.452,21.235],[107.477,21.268],[107.564,21.22],[107.603,21.216]]],[[[107.52,20.926],[107.466,20.9],[107.398,20.904],[107.477,20.952],[107.52,21.013],[107.553,21.034],[107.549,20.982],[107.52,20.926]]],[[[107.031,20.748],[106.991,20.742],[106.912,20.824],[106.952,20.867],[107.045,20.836],[107.063,20.817],[107.063,20.8],[107.042,20.761],[107.031,20.748]]]]}},{"type":"Feature","properties":{"code":"th"},"geometry":{"type":"MultiPolygon","coordinates":[[[[102.606,11.677],[102.588,11.573],[102.534,11.614],[102.545,11.668],[102.57,11.691],[102.606,11.677]]],[[[102.426,11.989],[102.43,11.965],[102.38,11.983],[102.362,11.974],[102.3,11.981],[102.272,12.12],[102.279,12.153],[102.318,12.142],[102.38,12.073],[102.408,12.026],[102.426,11.989]]],[[[98.409,7.903],[98.398,7.828],[98.358,7.83],[98.315,7.783],[98.297,7.776],[98.261,7.925],[98.301,8.136],[98.322,8.167],[98.351,8.111],[98.434,8.085],[98.398,7.965],[98.409,7.903]]],[[[100.122,20.317],[100.115,20.258],[100.14,20.246],[100.173,20.272],[100.22,20.34],[100.266,20.378],[100.317,20.387],[100.374,20.34],[100.432,20.241],[100.493,20.183],[100.518,20.178],[100.54,20.133],[100.544,20.088],[100.515,19.996],[100.468,19.888],[100.396,19.756],[100.421,19.645],[100.515,19.553],[100.626,19.499],[100.745,19.515],[100.806,19.541],[100.857,19.584],[100.907,19.605],[100.965,19.611],[101.156,19.579],[101.213,19.548],[101.22,19.487],[101.199,19.328],[101.228,19.211],[101.282,19.09],[101.285,18.977],[101.22,18.793],[101.166,18.618],[101.105,18.534],[101.062,18.479],[101.048,18.442],[101.051,18.407],[101.094,18.355],[101.138,18.288],[101.148,18.222],[101.145,18.142],[101.112,18.034],[101.001,17.796],[100.907,17.585],[100.958,17.541],[101.044,17.51],[101.105,17.479],[101.166,17.5],[101.3,17.625],[101.415,17.718],[101.555,17.812],[101.562,17.821],[101.688,17.89],[101.742,17.953],[101.775,18.034],[101.818,18.065],[101.876,18.046],[101.948,18.081],[102.034,18.17],[102.102,18.211],[102.149,18.204],[102.232,18.149],[102.351,18.046],[102.459,17.984],[102.552,17.965],[102.599,17.927],[102.596,17.869],[102.617,17.833],[102.66,17.817],[102.678,17.824],[102.675,17.852],[102.718,17.892],[102.808,17.946],[102.898,17.977],[102.992,17.986],[103.053,18.029],[103.092,18.138],[103.15,18.222],[103.2,18.26],[103.262,18.279],[103.28,18.305],[103.247,18.34],[103.251,18.373],[103.287,18.409],[103.366,18.423],[103.488,18.418],[103.629,18.383],[103.791,18.317],[103.899,18.295],[103.949,18.319],[104.05,18.217],[104.198,17.989],[104.324,17.815],[104.428,17.699],[104.54,17.609],[104.655,17.546],[104.741,17.461],[104.817,17.3],[104.759,17.078],[104.745,16.885],[104.752,16.647],[104.82,16.467],[104.95,16.34],[105.026,16.237],[105.047,16.161],[105.148,16.093],[105.332,16.038],[105.407,15.987],[105.375,15.942],[105.375,15.89],[105.4,15.83],[105.461,15.781],[105.562,15.741],[105.623,15.699],[105.641,15.656],[105.638,15.586],[105.616,15.488],[105.573,15.413],[105.512,15.361],[105.504,15.319],[105.49,15.257],[105.49,15.128],[105.533,15.041],[105.548,14.932],[105.522,14.843],[105.501,14.661],[105.497,14.59],[105.476,14.531],[105.422,14.472],[105.342,14.416],[105.245,14.368],[105.184,14.347],[105.17,14.337],[105.126,14.281],[105.072,14.227],[105.033,14.227],[105.004,14.255],[104.982,14.29],[104.968,14.366],[104.878,14.404],[104.777,14.429],[104.576,14.39],[104.41,14.37],[104.226,14.396],[104.054,14.363],[103.982,14.357],[103.899,14.363],[103.82,14.363],[103.74,14.375],[103.6,14.422],[103.546,14.418],[103.431,14.378],[103.312,14.352],[103.2,14.333],[103.031,14.253],[102.909,14.137],[102.873,14.055],[102.812,13.972],[102.729,13.842],[102.621,13.717],[102.545,13.66],[102.567,13.627],[102.545,13.585],[102.43,13.567],[102.336,13.561],[102.318,13.54],[102.329,13.288],[102.362,13.193],[102.423,13.078],[102.462,13.015],[102.491,12.828],[102.498,12.67],[102.628,12.569],[102.704,12.493],[102.754,12.427],[102.736,12.384],[102.707,12.255],[102.736,12.09],[102.92,11.733],[102.934,11.706],[102.912,11.703],[102.884,11.772],[102.79,11.889],[102.761,12.012],[102.653,12.149],[102.596,12.203],[102.574,12.158],[102.542,12.109],[102.434,12.179],[102.344,12.253],[102.261,12.394],[102.25,12.361],[102.228,12.331],[102.135,12.443],[102.034,12.531],[101.944,12.564],[101.89,12.594],[101.836,12.64],[101.724,12.689],[101.444,12.62],[101.091,12.673],[100.954,12.621],[100.896,12.654],[100.864,12.715],[100.896,12.818],[100.904,13.035],[100.947,13.187],[100.925,13.304],[100.947,13.357],[100.961,13.432],[100.907,13.462],[100.655,13.521],[100.601,13.567],[100.536,13.514],[100.234,13.484],[100.122,13.439],[100.018,13.354],[99.989,13.243],[100.05,13.172],[100.09,13.045],[99.982,12.771],[99.964,12.691],[100.007,12.354],[99.989,12.17],[99.932,12.047],[99.838,11.937],[99.798,11.748],[99.726,11.661],[99.626,11.463],[99.561,11.215],[99.514,11.101],[99.485,10.889],[99.284,10.569],[99.237,10.389],[99.165,10.319],[99.19,10.266],[99.194,10.175],[99.168,9.934],[99.161,9.734],[99.19,9.627],[99.287,9.415],[99.266,9.352],[99.255,9.266],[99.334,9.226],[99.395,9.214],[99.723,9.314],[99.834,9.288],[99.878,9.195],[99.906,9.113],[99.96,8.672],[99.989,8.589],[100.058,8.511],[100.13,8.429],[100.155,8.443],[100.158,8.474],[100.162,8.509],[100.23,8.425],[100.281,8.269],[100.454,7.443],[100.504,7.337],[100.544,7.228],[100.439,7.281],[100.41,7.464],[100.382,7.542],[100.342,7.552],[100.284,7.552],[100.281,7.583],[100.324,7.644],[100.317,7.715],[100.256,7.774],[100.158,7.728],[100.162,7.599],[100.205,7.5],[100.371,7.28],[100.425,7.188],[100.49,7.162],[100.587,7.176],[100.702,7.082],[100.792,6.995],[101.019,6.861],[101.156,6.875],[101.303,6.908],[101.4,6.9],[101.498,6.865],[101.613,6.754],[101.8,6.474],[102.102,6.242],[102.07,6.184],[102.056,6.097],[101.937,5.979],[101.919,5.912],[101.872,5.825],[101.789,5.78],[101.721,5.771],[101.678,5.778],[101.649,5.795],[101.602,5.877],[101.577,5.901],[101.555,5.908],[101.404,5.851],[101.256,5.79],[101.231,5.733],[101.192,5.669],[101.148,5.643],[101.112,5.637],[101.08,5.676],[101.026,5.724],[100.983,5.771],[100.994,5.846],[101.076,5.957],[101.087,6.033],[101.076,6.167],[101.055,6.243],[101.03,6.245],[100.99,6.257],[100.875,6.245],[100.817,6.332],[100.792,6.426],[100.756,6.46],[100.716,6.481],[100.63,6.448],[100.565,6.467],[100.346,6.551],[100.263,6.683],[100.216,6.686],[100.176,6.672],[100.162,6.641],[100.137,6.488],[100.119,6.441],[99.87,6.75],[99.698,6.877],[99.719,7.106],[99.669,7.151],[99.604,7.155],[99.554,7.219],[99.597,7.356],[99.528,7.33],[99.435,7.335],[99.359,7.372],[99.302,7.561],[99.262,7.618],[99.183,7.719],[99.078,7.719],[99.042,7.766],[99.05,7.887],[98.974,7.962],[98.873,8.024],[98.79,8.059],[98.704,8.257],[98.636,8.306],[98.578,8.344],[98.499,8.318],[98.474,8.247],[98.42,8.179],[98.362,8.188],[98.304,8.226],[98.24,8.424],[98.225,8.544],[98.243,8.767],[98.326,8.969],[98.373,9.29],[98.445,9.493],[98.492,9.561],[98.564,9.837],[98.704,10.191],[98.718,10.266],[98.747,10.351],[98.769,10.431],[98.776,10.557],[98.758,10.623],[98.758,10.661],[98.787,10.708],[98.888,10.788],[99.024,10.92],[99.19,11.106],[99.359,11.389],[99.442,11.554],[99.478,11.613],[99.514,11.63],[99.572,11.687],[99.611,11.75],[99.615,11.781],[99.521,12.09],[99.464,12.191],[99.431,12.309],[99.417,12.396],[99.395,12.474],[99.406,12.548],[99.374,12.594],[99.298,12.653],[99.219,12.739],[99.172,12.882],[99.172,12.962],[99.125,13.031],[99.107,13.104],[99.136,13.173],[99.176,13.232],[99.172,13.496],[99.158,13.576],[99.136,13.717],[99.086,13.823],[99.014,13.948],[98.934,14.05],[98.722,14.236],[98.571,14.359],[98.495,14.474],[98.402,14.602],[98.333,14.696],[98.247,14.814],[98.204,14.975],[98.178,15.147],[98.193,15.205],[98.232,15.241],[98.286,15.272],[98.33,15.279],[98.452,15.357],[98.538,15.35],[98.556,15.368],[98.564,15.404],[98.553,15.56],[98.56,15.769],[98.574,15.939],[98.592,16.05],[98.819,16.18],[98.866,16.237],[98.888,16.298],[98.888,16.352],[98.87,16.394],[98.837,16.418],[98.69,16.305],[98.661,16.331],[98.592,16.515],[98.564,16.571],[98.524,16.638],[98.477,16.732],[98.47,16.895],[98.438,16.975],[98.258,17.147],[98.175,17.239],[98.063,17.373],[97.93,17.533],[97.793,17.682],[97.728,17.776],[97.707,17.796],[97.7,17.833],[97.739,17.935],[97.721,18.038],[97.653,18.173],[97.624,18.258],[97.631,18.291],[97.599,18.303],[97.523,18.296],[97.451,18.359],[97.379,18.494],[97.376,18.519],[97.397,18.517],[97.484,18.494],[97.516,18.498],[97.577,18.529],[97.671,18.562],[97.728,18.572],[97.746,18.588],[97.754,18.621],[97.707,18.932],[97.714,18.996],[97.804,19.13],[97.793,19.265],[97.818,19.459],[97.916,19.593],[97.991,19.654],[98.016,19.749],[98.049,19.77],[98.11,19.762],[98.24,19.69],[98.294,19.687],[98.373,19.689],[98.456,19.694],[98.495,19.701],[98.762,19.77],[98.819,19.779],[98.877,19.77],[98.916,19.774],[98.96,19.805],[98.988,19.862],[99.021,20.041],[99.039,20.074],[99.075,20.1],[99.132,20.117],[99.197,20.116],[99.284,20.081],[99.338,20.079],[99.399,20.093],[99.453,20.119],[99.485,20.15],[99.503,20.189],[99.489,20.26],[99.449,20.352],[99.46,20.362],[99.532,20.343],[99.64,20.321],[99.719,20.326],[99.773,20.341],[99.824,20.385],[99.892,20.425],[99.953,20.416],[100.004,20.38],[100.122,20.317]]],[[[100.076,9.696],[100.065,9.681],[100.025,9.712],[99.996,9.748],[99.982,9.793],[100.043,9.792],[100.072,9.748],[100.076,9.696]]],[[[100.072,9.587],[100.076,9.53],[100.054,9.462],[99.964,9.422],[99.932,9.476],[99.939,9.561],[99.953,9.582],[100.043,9.576],[100.072,9.587]]],[[[99.662,6.521],[99.644,6.516],[99.608,6.597],[99.654,6.714],[99.701,6.571],[99.662,6.521]]],[[[98.592,7.934],[98.582,7.917],[98.531,8.108],[98.603,8.057],[98.592,7.934]]],[[[98.308,9.052],[98.25,9.04],[98.258,9.096],[98.272,9.13],[98.301,9.139],[98.312,9.08],[98.308,9.052]]],[[[99.078,7.592],[99.104,7.471],[99.068,7.497],[99.039,7.549],[99.039,7.625],[99.046,7.637],[99.078,7.592]]]]}},{"type":"Feature","properties":{"code":"tw"},"geometry":{"type":"MultiPolygon","coordinates":[[[[121.01,22.621],[120.949,22.503],[120.898,22.379],[120.877,22.261],[120.88,22.142],[120.866,22.032],[120.841,21.925],[120.743,21.956],[120.689,22.032],[120.679,22.159],[120.607,22.312],[120.581,22.357],[120.481,22.442],[120.387,22.485],[120.315,22.548],[120.326,22.543],[120.272,22.628],[120.232,22.718],[120.149,22.975],[120.121,23.037],[120.085,23.093],[120.074,23.15],[120.085,23.213],[120.121,23.305],[120.142,23.398],[120.124,23.527],[120.131,23.654],[120.16,23.709],[120.628,24.478],[120.758,24.641],[120.837,24.723],[120.902,24.813],[120.963,24.928],[121.042,25.032],[121.096,25.065],[121.366,25.159],[121.449,25.249],[121.517,25.277],[121.593,25.275],[121.643,25.232],[121.687,25.181],[121.733,25.154],[121.852,25.105],[121.906,25.056],[121.928,24.973],[121.856,24.895],[121.82,24.824],[121.813,24.746],[121.827,24.64],[121.827,24.534],[121.737,24.286],[121.64,24.129],[121.615,24.053],[121.582,23.86],[121.525,23.668],[121.478,23.425],[121.399,23.173],[121.352,23.067],[121.294,22.966],[121.161,22.777],[121.01,22.621]]],[[[118.407,24.522],[118.45,24.456],[118.432,24.414],[118.295,24.437],[118.288,24.477],[118.339,24.47],[118.407,24.522]]]]}},{"type":"Feature","properties":{"code":"ph"},"geometry":{"type":"MultiPolygon","coordinates":[[[[121.1,18.616],[121.255,18.564],[121.593,18.376],[121.715,18.329],[121.845,18.295],[121.946,18.286],[122.039,18.328],[122.075,18.371],[122.147,18.487],[122.219,18.501],[122.266,18.46],[122.299,18.402],[122.317,18.321],[122.295,18.234],[122.223,18.157],[122.18,18.064],[122.151,17.756],[122.151,17.664],[122.176,17.576],[122.237,17.435],[122.27,17.395],[122.363,17.345],[122.389,17.307],[122.392,17.239],[122.407,17.178],[122.468,17.156],[122.518,17.125],[122.5,17.059],[122.468,16.991],[122.425,16.823],[122.227,16.435],[122.216,16.352],[122.137,16.185],[121.975,16.158],[121.787,16.078],[121.687,16.015],[121.597,15.934],[121.561,15.826],[121.589,15.777],[121.607,15.725],[121.607,15.67],[121.579,15.623],[121.489,15.51],[121.453,15.416],[121.413,15.375],[121.391,15.324],[121.399,15.267],[121.435,15.217],[121.543,15],[121.661,14.79],[121.687,14.765],[121.694,14.738],[121.625,14.682],[121.629,14.581],[121.647,14.481],[121.751,14.234],[121.766,14.168],[121.802,14.114],[121.852,14.062],[121.913,14.021],[122.079,13.948],[122.144,13.932],[122.212,13.93],[122.227,13.979],[122.288,13.996],[122.273,14.045],[122.201,14.111],[122.201,14.147],[122.237,14.175],[122.284,14.191],[122.385,14.264],[122.489,14.323],[122.626,14.317],[122.759,14.284],[122.857,14.251],[122.936,14.187],[123.015,14.08],[123.073,13.96],[123.069,13.903],[123.058,13.845],[123.058,13.788],[123.101,13.75],[123.231,13.748],[123.296,13.837],[123.307,13.937],[123.26,13.975],[123.281,14.024],[123.321,14.062],[123.379,14.029],[123.433,13.967],[123.634,13.899],[123.685,13.897],[123.724,13.885],[123.814,13.837],[123.857,13.8],[123.807,13.722],[123.605,13.705],[123.548,13.646],[123.609,13.528],[123.703,13.432],[123.764,13.354],[123.818,13.269],[123.818,13.191],[123.785,13.111],[123.872,13.116],[123.955,13.101],[124.07,13.031],[124.106,13.026],[124.142,13.036],[124.138,12.792],[124.059,12.568],[123.962,12.595],[123.879,12.689],[123.893,12.805],[123.947,12.916],[123.919,12.941],[123.865,12.93],[123.803,12.906],[123.735,12.897],[123.627,12.911],[123.404,13.033],[123.31,13.045],[123.289,13.099],[123.296,13.215],[123.206,13.354],[123.191,13.403],[123.163,13.443],[122.896,13.592],[122.864,13.618],[122.781,13.738],[122.594,13.908],[122.543,13.925],[122.486,13.93],[122.468,13.887],[122.493,13.821],[122.504,13.764],[122.5,13.703],[122.507,13.656],[122.597,13.562],[122.608,13.517],[122.669,13.396],[122.677,13.253],[122.601,13.194],[122.515,13.26],[122.511,13.314],[122.497,13.364],[122.407,13.493],[122.378,13.521],[122.205,13.649],[122.072,13.788],[121.777,13.937],[121.744,13.946],[121.69,13.934],[121.643,13.916],[121.499,13.842],[121.449,13.791],[121.445,13.712],[121.345,13.649],[121.204,13.64],[121.096,13.68],[121.006,13.758],[120.931,13.762],[120.841,13.885],[120.729,13.901],[120.635,13.805],[120.617,13.995],[120.617,14.187],[120.643,14.245],[120.689,14.291],[120.923,14.493],[120.952,14.559],[120.941,14.646],[120.887,14.715],[120.805,14.758],[120.707,14.776],[120.639,14.816],[120.585,14.882],[120.545,14.765],[120.581,14.595],[120.589,14.482],[120.556,14.441],[120.495,14.441],[120.437,14.453],[120.398,14.493],[120.365,14.609],[120.283,14.684],[120.25,14.793],[120.214,14.809],[120.139,14.8],[120.081,14.85],[120.045,14.979],[120.038,15.114],[120.005,15.229],[119.959,15.34],[119.933,15.43],[119.89,15.838],[119.883,15.875],[119.861,15.906],[119.807,15.953],[119.768,16.008],[119.761,16.055],[119.771,16.255],[119.789,16.303],[119.829,16.326],[119.887,16.288],[119.93,16.239],[119.984,16.215],[120.034,16.185],[120.124,16.066],[120.16,16.048],[120.272,16.052],[120.337,16.066],[120.369,16.109],[120.387,16.161],[120.391,16.222],[120.326,16.401],[120.304,16.529],[120.304,16.645],[120.322,16.762],[120.409,16.956],[120.419,17.09],[120.412,17.27],[120.427,17.376],[120.423,17.439],[120.373,17.534],[120.358,17.638],[120.506,18.163],[120.553,18.263],[120.585,18.369],[120.599,18.508],[120.711,18.546],[120.815,18.604],[120.869,18.598],[120.923,18.585],[121.053,18.614],[121.1,18.616]]],[[[117.313,8.439],[117.219,8.366],[117.23,8.457],[117.255,8.542],[117.349,8.714],[117.417,8.767],[117.529,8.903],[117.593,8.969],[117.745,9.099],[117.885,9.241],[117.932,9.252],[117.982,9.254],[118.025,9.269],[118.115,9.347],[118.342,9.602],[118.533,9.793],[118.727,10.035],[118.821,10.106],[118.846,10.132],[119.023,10.354],[119.08,10.385],[119.141,10.41],[119.185,10.439],[119.224,10.477],[119.285,10.575],[119.314,10.687],[119.296,10.752],[119.26,10.845],[119.307,10.974],[119.339,11.033],[119.465,11.293],[119.501,11.347],[119.552,11.314],[119.559,11.267],[119.534,11.156],[119.534,11.102],[119.563,11.045],[119.527,10.953],[119.617,10.707],[119.685,10.552],[119.689,10.5],[119.595,10.408],[119.541,10.38],[119.422,10.354],[119.368,10.328],[119.285,10.252],[119.231,10.153],[119.217,10.101],[119.192,10.061],[118.947,9.993],[118.835,9.95],[118.781,9.917],[118.756,9.863],[118.774,9.767],[118.569,9.422],[118.504,9.333],[118.436,9.255],[118.349,9.201],[118.231,9.168],[118.133,9.101],[118.069,8.983],[117.989,8.877],[117.889,8.799],[117.781,8.729],[117.68,8.677],[117.572,8.642],[117.539,8.596],[117.518,8.538],[117.467,8.511],[117.413,8.497],[117.313,8.439]]],[[[122.497,11.614],[122.612,11.564],[122.727,11.608],[122.839,11.595],[122.932,11.529],[122.9,11.488],[122.896,11.441],[123.101,11.542],[123.159,11.536],[123.155,11.443],[123.145,11.363],[123.119,11.286],[123.076,11.196],[123.015,11.116],[122.939,11.059],[122.846,11.023],[122.803,10.99],[122.788,10.941],[122.792,10.88],[122.77,10.825],[122.673,10.8],[122.522,10.693],[122.198,10.623],[122.108,10.576],[122.05,10.514],[121.989,10.458],[121.953,10.444],[121.939,10.47],[121.935,10.493],[121.982,10.639],[121.971,10.7],[121.949,10.757],[121.964,10.871],[122.021,10.979],[122.05,11.097],[122.061,11.326],[122.104,11.642],[122.101,11.68],[122.068,11.724],[121.942,11.759],[121.892,11.792],[121.917,11.854],[121.964,11.897],[122.029,11.896],[122.086,11.856],[122.291,11.772],[122.399,11.703],[122.497,11.614]]],[[[123.13,9.064],[123.065,9.054],[122.993,9.059],[122.947,9.108],[122.867,9.319],[122.774,9.372],[122.666,9.41],[122.612,9.443],[122.561,9.483],[122.41,9.694],[122.399,9.823],[122.425,9.896],[122.471,9.962],[122.522,9.979],[122.648,9.981],[122.713,9.99],[122.857,10.087],[122.867,10.125],[122.867,10.285],[122.853,10.396],[122.817,10.503],[122.857,10.554],[122.907,10.602],[122.957,10.698],[122.968,10.766],[122.968,10.837],[122.983,10.887],[123.026,10.911],[123.22,10.99],[123.256,10.995],[123.512,10.924],[123.562,10.816],[123.566,10.781],[123.526,10.661],[123.494,10.582],[123.407,10.458],[123.343,10.325],[123.296,10.125],[123.267,10.059],[123.188,9.934],[123.163,9.865],[123.163,9.715],[123.148,9.66],[123.148,9.606],[123.307,9.358],[123.321,9.318],[123.321,9.273],[123.292,9.217],[123.227,9.122],[123.191,9.089],[123.13,9.064]]],[[[124.574,11.344],[124.646,11.309],[124.725,11.323],[124.822,11.401],[124.93,11.373],[124.995,11.255],[125.027,11.212],[125.045,11.135],[125.038,10.951],[125.013,10.786],[125.035,10.752],[125.085,10.722],[125.128,10.684],[125.164,10.637],[125.189,10.585],[125.197,10.457],[125.261,10.349],[125.269,10.307],[125.254,10.264],[125.15,10.273],[125.139,10.236],[125.143,10.189],[125.107,10.219],[125.045,10.323],[124.988,10.368],[125.006,10.198],[125.024,10.115],[125.027,10.033],[124.93,10.095],[124.811,10.135],[124.779,10.168],[124.793,10.274],[124.79,10.328],[124.739,10.439],[124.797,10.682],[124.797,10.733],[124.786,10.781],[124.739,10.88],[124.664,10.962],[124.617,10.962],[124.502,10.904],[124.444,10.924],[124.412,11.151],[124.365,11.371],[124.333,11.427],[124.307,11.486],[124.329,11.535],[124.376,11.516],[124.437,11.457],[124.513,11.424],[124.549,11.396],[124.574,11.344]]],[[[125.24,12.528],[125.312,12.446],[125.326,12.387],[125.319,12.321],[125.351,12.293],[125.409,12.285],[125.481,12.252],[125.535,12.191],[125.503,12.135],[125.513,12.055],[125.456,11.953],[125.463,11.771],[125.495,11.713],[125.499,11.656],[125.492,11.594],[125.506,11.545],[125.593,11.378],[125.611,11.323],[125.582,11.279],[125.575,11.238],[125.629,11.234],[125.704,11.165],[125.747,11.073],[125.737,11.05],[125.675,11.121],[125.629,11.132],[125.431,11.113],[125.312,11.142],[125.233,11.146],[125.157,11.267],[125.089,11.288],[125.035,11.342],[124.945,11.479],[124.916,11.559],[124.981,11.639],[124.999,11.703],[124.995,11.766],[124.934,11.755],[124.883,11.776],[124.822,11.852],[124.797,11.896],[124.75,11.934],[124.678,12.021],[124.57,12.055],[124.531,12.08],[124.444,12.153],[124.387,12.245],[124.325,12.404],[124.293,12.569],[124.567,12.526],[124.84,12.535],[125.15,12.573],[125.24,12.528]]],[[[120.704,13.479],[120.754,13.47],[120.916,13.502],[120.981,13.486],[121.024,13.429],[121.078,13.411],[121.121,13.382],[121.204,13.432],[121.283,13.375],[121.355,13.265],[121.442,13.189],[121.521,13.132],[121.539,13.088],[121.489,13.019],[121.474,12.932],[121.481,12.837],[121.539,12.639],[121.521,12.585],[121.456,12.509],[121.413,12.423],[121.417,12.389],[121.399,12.361],[121.395,12.3],[121.355,12.312],[121.323,12.304],[121.291,12.276],[121.237,12.219],[121.154,12.236],[121.118,12.253],[121.107,12.304],[121.082,12.338],[121.049,12.359],[120.963,12.446],[120.923,12.512],[120.92,12.581],[120.898,12.646],[120.855,12.703],[120.797,12.748],[120.776,12.79],[120.769,12.84],[120.765,12.97],[120.679,13.13],[120.65,13.17],[120.574,13.208],[120.509,13.26],[120.481,13.311],[120.455,13.394],[120.437,13.406],[120.387,13.401],[120.34,13.413],[120.351,13.474],[120.401,13.517],[120.47,13.522],[120.653,13.498],[120.704,13.479]]],[[[126.007,9.321],[126.086,9.26],[126.194,9.276],[126.19,9.125],[126.208,9.08],[126.305,8.951],[126.32,8.846],[126.262,8.743],[126.219,8.696],[126.14,8.627],[126.14,8.596],[126.172,8.561],[126.284,8.54],[126.367,8.484],[126.381,8.326],[126.46,8.203],[126.457,8.149],[126.424,7.927],[126.435,7.833],[126.493,7.757],[126.543,7.724],[126.572,7.677],[126.593,7.547],[126.59,7.325],[126.583,7.248],[126.547,7.176],[126.439,7.012],[126.295,6.882],[126.215,6.891],[126.194,6.853],[126.241,6.735],[126.223,6.483],[126.19,6.309],[126.143,6.398],[126.111,6.49],[126.079,6.733],[126.043,6.844],[125.985,6.943],[125.96,7.033],[125.902,7.117],[125.823,7.334],[125.773,7.321],[125.69,7.262],[125.672,7.222],[125.661,7.16],[125.639,7.104],[125.542,7.016],[125.463,6.912],[125.402,6.795],[125.38,6.689],[125.434,6.608],[125.488,6.573],[125.564,6.5],[125.589,6.466],[125.672,6.224],[125.668,5.979],[125.607,5.87],[125.456,5.663],[125.348,5.599],[125.287,5.632],[125.24,5.757],[125.233,5.808],[125.265,5.926],[125.269,6.033],[125.233,6.07],[125.189,6.063],[125.175,6.047],[125.078,5.907],[125.035,5.87],[124.973,5.867],[124.927,5.875],[124.635,5.999],[124.397,6.12],[124.214,6.233],[124.077,6.405],[124.048,6.533],[124.048,6.667],[123.987,6.863],[123.98,6.929],[123.987,6.993],[124.045,7.115],[124.117,7.176],[124.16,7.219],[124.192,7.268],[124.214,7.332],[124.207,7.396],[124.181,7.436],[124.066,7.578],[123.969,7.665],[123.764,7.743],[123.717,7.785],[123.667,7.818],[123.609,7.832],[123.551,7.832],[123.494,7.807],[123.476,7.757],[123.483,7.71],[123.476,7.665],[123.389,7.408],[123.281,7.464],[123.177,7.53],[123.152,7.575],[123.137,7.63],[123.119,7.667],[123.098,7.7],[123.047,7.615],[122.99,7.547],[122.918,7.53],[122.842,7.53],[122.817,7.559],[122.792,7.722],[122.713,7.774],[122.615,7.762],[122.497,7.672],[122.475,7.639],[122.45,7.561],[122.32,7.34],[122.252,7.17],[122.176,7.004],[122.144,6.95],[122.097,6.913],[122.029,6.929],[121.964,6.969],[121.903,7.075],[121.924,7.2],[121.993,7.278],[122.047,7.363],[122.115,7.66],[122.119,7.766],[122.133,7.811],[122.245,7.945],[122.338,8.028],[122.385,8.045],[122.59,8.094],[122.673,8.134],[122.803,8.134],[122.911,8.156],[122.997,8.221],[123.004,8.287],[122.997,8.356],[123.019,8.398],[123.051,8.434],[123.094,8.481],[123.148,8.516],[123.292,8.542],[123.343,8.571],[123.379,8.616],[123.436,8.703],[123.497,8.682],[123.562,8.648],[123.681,8.62],[123.782,8.547],[123.85,8.432],[123.861,8.377],[123.879,8.189],[123.854,8.146],[123.753,8.057],[123.8,8.049],[123.929,8.129],[123.998,8.16],[124.16,8.202],[124.199,8.229],[124.225,8.271],[124.282,8.386],[124.325,8.509],[124.358,8.559],[124.405,8.599],[124.451,8.606],[124.621,8.523],[124.732,8.563],[124.761,8.689],[124.786,8.873],[124.808,8.924],[124.869,8.972],[124.945,8.957],[125.045,8.891],[125.143,8.868],[125.175,8.922],[125.211,9.028],[125.247,9.026],[125.377,8.991],[125.499,9.014],[125.535,9.141],[125.51,9.276],[125.413,9.668],[125.47,9.757],[125.521,9.759],[125.643,9.655],[125.877,9.514],[125.956,9.427],[126.007,9.321]]],[[[123.371,9.45],[123.332,9.424],[123.317,9.49],[123.328,9.578],[123.404,9.889],[123.386,9.967],[123.515,10.141],[123.595,10.302],[123.71,10.474],[123.728,10.562],[123.832,10.731],[123.929,10.963],[123.926,11.042],[123.951,11.08],[123.965,11.137],[123.965,11.187],[124.037,11.274],[124.059,11.217],[124.037,11.106],[124.041,11.054],[124.052,11.029],[124.052,10.925],[124.027,10.767],[124.052,10.585],[124.005,10.399],[123.951,10.316],[123.875,10.257],[123.789,10.22],[123.699,10.128],[123.645,10.021],[123.634,9.922],[123.494,9.589],[123.371,9.45]]],[[[121.921,18.895],[121.859,18.822],[121.823,18.843],[121.859,18.913],[121.859,18.937],[121.888,18.991],[121.942,19.01],[121.989,18.956],[121.921,18.895]]],[[[121.521,19.362],[121.532,19.272],[121.471,19.274],[121.384,19.329],[121.373,19.357],[121.377,19.38],[121.391,19.399],[121.521,19.362]]],[[[121.96,20.366],[121.942,20.354],[121.913,20.359],[121.942,20.454],[121.993,20.48],[122.032,20.47],[121.96,20.366]]],[[[121.877,20.782],[121.831,20.701],[121.791,20.701],[121.798,20.746],[121.849,20.841],[121.867,20.84],[121.877,20.782]]],[[[121.161,6.075],[121.215,6.004],[121.283,6.023],[121.391,6.002],[121.413,5.964],[121.409,5.939],[121.294,5.87],[121.219,5.943],[121.082,5.893],[121.017,5.922],[120.931,5.896],[120.877,5.953],[120.898,6.007],[121.039,6.096],[121.161,6.075]]],[[[117.079,7.884],[117.028,7.807],[116.971,7.894],[116.974,8.017],[116.992,8.05],[117.079,8.07],[117.079,7.884]]],[[[119.915,10.486],[119.793,10.455],[119.764,10.552],[119.851,10.641],[119.951,10.604],[120.009,10.569],[119.98,10.538],[119.915,10.486]]],[[[120.099,12.168],[120.153,12.153],[120.193,12.167],[120.229,12.22],[120.261,12.142],[120.34,12.078],[120.315,12.012],[120.243,12.005],[120.175,12.019],[120.099,11.993],[120.009,12.009],[119.959,12.069],[119.897,12.179],[119.865,12.2],[119.869,12.245],[119.89,12.272],[119.879,12.279],[119.887,12.3],[119.897,12.314],[119.915,12.319],[119.962,12.271],[120.077,12.198],[120.099,12.168]]],[[[120.038,11.703],[119.962,11.67],[119.944,11.691],[119.933,11.739],[119.933,11.774],[119.861,11.955],[119.915,11.981],[119.955,11.96],[119.998,11.932],[120.034,11.917],[120.07,11.861],[120.063,11.821],[120.074,11.783],[120.038,11.703]]],[[[122.648,10.472],[122.623,10.458],[122.597,10.462],[122.54,10.425],[122.518,10.493],[122.536,10.608],[122.626,10.694],[122.648,10.722],[122.673,10.74],[122.702,10.741],[122.731,10.707],[122.738,10.654],[122.68,10.498],[122.648,10.472]]],[[[124.595,9.786],[124.585,9.75],[124.505,9.753],[124.477,9.748],[124.405,9.655],[124.361,9.63],[124.124,9.599],[123.937,9.623],[123.872,9.675],[123.829,9.76],[123.818,9.818],[123.865,9.878],[123.908,9.92],[124.059,10],[124.095,10.061],[124.174,10.135],[124.336,10.16],[124.351,10.141],[124.372,10.13],[124.405,10.127],[124.487,10.066],[124.577,10.026],[124.556,9.878],[124.581,9.83],[124.595,9.786]]],[[[120.25,5.257],[120.225,5.196],[120.193,5.169],[120.149,5.184],[120.117,5.216],[120.099,5.169],[120.013,5.151],[119.959,5.08],[119.876,5.059],[119.822,5.07],[119.829,5.134],[119.984,5.228],[120.081,5.264],[120.164,5.332],[120.207,5.341],[120.229,5.283],[120.25,5.257]]],[[[122.093,6.429],[121.993,6.415],[121.96,6.415],[121.881,6.518],[121.874,6.563],[121.809,6.613],[121.831,6.663],[121.913,6.676],[122.057,6.742],[122.288,6.639],[122.324,6.603],[122.252,6.58],[122.201,6.483],[122.093,6.429]]],[[[126.061,9.766],[126.046,9.76],[125.992,9.839],[125.999,9.927],[126.075,10.059],[126.129,9.943],[126.129,9.891],[126.122,9.865],[126.172,9.8],[126.136,9.767],[126.061,9.766]]],[[[125.69,9.915],[125.672,9.887],[125.65,9.944],[125.589,9.998],[125.535,10.09],[125.495,10.118],[125.521,10.191],[125.524,10.309],[125.582,10.363],[125.607,10.38],[125.647,10.437],[125.668,10.441],[125.686,10.392],[125.647,10.245],[125.704,10.071],[125.683,9.964],[125.693,9.939],[125.69,9.915]]],[[[120.272,13.752],[120.272,13.684],[120.103,13.783],[120.099,13.817],[120.103,13.842],[120.121,13.857],[120.211,13.821],[120.272,13.752]]],[[[121.913,13.54],[121.978,13.538],[121.996,13.547],[122.115,13.463],[122.108,13.422],[122.122,13.364],[122.054,13.269],[122.043,13.236],[122.003,13.205],[121.877,13.281],[121.831,13.328],[121.816,13.425],[121.867,13.566],[121.913,13.54]]],[[[122.093,12.354],[122.014,12.106],[121.96,12.191],[121.982,12.245],[121.935,12.29],[121.924,12.331],[121.942,12.385],[121.989,12.436],[122,12.599],[122.104,12.651],[122.144,12.653],[122.129,12.613],[122.133,12.538],[122.093,12.354]]],[[[122.655,12.309],[122.605,12.286],[122.5,12.384],[122.439,12.429],[122.425,12.455],[122.471,12.491],[122.605,12.491],[122.673,12.423],[122.684,12.382],[122.655,12.309]]],[[[123.281,12.854],[123.368,12.701],[123.274,12.805],[123.166,12.877],[123.055,12.993],[122.972,13.035],[122.95,13.059],[122.957,13.107],[123.019,13.116],[123.044,13.113],[123.206,12.906],[123.281,12.854]]],[[[123.775,12.455],[123.778,12.366],[123.742,12.399],[123.62,12.571],[123.587,12.634],[123.62,12.675],[123.71,12.611],[123.775,12.455]]],[[[123.717,12.288],[123.908,12.168],[124.041,11.967],[124.055,11.812],[124.045,11.752],[123.983,11.819],[123.847,11.913],[123.753,11.934],[123.724,11.951],[123.735,12.003],[123.674,12.05],[123.667,12.069],[123.613,12.09],[123.53,12.196],[123.472,12.217],[123.418,12.194],[123.292,12.036],[123.159,11.925],[123.155,11.969],[123.209,12.106],[123.245,12.328],[123.267,12.396],[123.238,12.495],[123.235,12.583],[123.335,12.542],[123.461,12.502],[123.559,12.444],[123.573,12.406],[123.717,12.288]]],[[[124.354,13.632],[124.325,13.567],[124.293,13.59],[124.25,13.587],[124.174,13.531],[124.055,13.606],[124.037,13.663],[124.124,13.79],[124.124,13.979],[124.153,14.026],[124.185,14.059],[124.225,14.078],[124.307,13.948],[124.336,13.93],[124.415,13.871],[124.397,13.75],[124.405,13.679],[124.354,13.632]]],[[[122.176,14.048],[122.173,14.008],[121.957,14.156],[121.946,14.182],[121.946,14.205],[121.96,14.229],[122.176,14.048]]],[[[122.032,15.005],[122.05,14.97],[122.032,14.972],[122.018,14.965],[121.971,14.894],[122.021,14.76],[121.989,14.663],[121.931,14.656],[121.91,14.666],[121.921,14.715],[121.935,14.736],[121.924,14.8],[121.888,14.84],[121.863,14.916],[121.82,14.963],[121.841,15.038],[121.971,15.047],[122.032,15.005]]],[[[124.315,10.606],[124.289,10.601],[124.336,10.707],[124.372,10.691],[124.383,10.681],[124.383,10.632],[124.315,10.606]]],[[[125.279,9.983],[125.287,9.932],[125.161,10.063],[125.132,10.155],[125.175,10.151],[125.233,10.116],[125.279,9.983]]],[[[122.936,7.41],[122.947,7.386],[122.943,7.361],[122.839,7.314],[122.806,7.316],[122.795,7.393],[122.821,7.429],[122.871,7.398],[122.914,7.434],[122.936,7.41]]],[[[125.783,6.962],[125.769,6.906],[125.708,7.04],[125.683,7.073],[125.715,7.186],[125.783,7.13],[125.783,6.962]]],[[[124.61,11.493],[124.484,11.486],[124.43,11.531],[124.361,11.667],[124.437,11.694],[124.513,11.687],[124.567,11.641],[124.621,11.55],[124.61,11.493]]],[[[124.808,9.142],[124.779,9.083],[124.667,9.132],[124.639,9.175],[124.653,9.226],[124.707,9.243],[124.736,9.243],[124.79,9.189],[124.808,9.142]]],[[[121.251,19.083],[121.247,19.015],[121.197,19.052],[121.186,19.102],[121.19,19.138],[121.211,19.183],[121.244,19.144],[121.251,19.083]]],[[[119.861,11.526],[119.883,11.472],[119.854,11.392],[119.829,11.375],[119.8,11.408],[119.728,11.432],[119.725,11.474],[119.761,11.474],[119.825,11.516],[119.861,11.526]]],[[[123.757,11.283],[123.814,11.151],[123.735,11.151],[123.706,11.248],[123.742,11.279],[123.757,11.283]]],[[[122.309,12.529],[122.281,12.498],[122.263,12.503],[122.248,12.557],[122.277,12.594],[122.288,12.59],[122.309,12.529]]],[[[125.971,9.594],[125.953,9.568],[125.924,9.622],[125.949,9.74],[125.967,9.759],[125.992,9.684],[125.971,9.594]]],[[[124.855,11.595],[124.837,11.543],[124.808,11.557],[124.783,11.582],[124.743,11.658],[124.732,11.715],[124.79,11.684],[124.822,11.627],[124.855,11.595]]],[[[117.356,8.215],[117.287,8.191],[117.273,8.254],[117.28,8.314],[117.331,8.309],[117.352,8.29],[117.356,8.215]]],[[[123.699,9.238],[123.706,9.134],[123.616,9.102],[123.541,9.13],[123.494,9.193],[123.494,9.215],[123.533,9.214],[123.627,9.267],[123.656,9.28],[123.699,9.238]]]]}},{"type":"Feature","properties":{"code":"my"},"geometry":{"type":"MultiPolygon","coordinates":[[[[100.119,6.441],[100.137,6.488],[100.162,6.641],[100.176,6.672],[100.216,6.686],[100.263,6.683],[100.346,6.551],[100.565,6.467],[100.63,6.448],[100.716,6.481],[100.756,6.46],[100.792,6.426],[100.817,6.332],[100.875,6.245],[100.99,6.257],[101.03,6.245],[101.055,6.243],[101.076,6.167],[101.087,6.033],[101.076,5.957],[100.994,5.846],[100.983,5.771],[101.026,5.724],[101.08,5.676],[101.112,5.637],[101.148,5.643],[101.192,5.669],[101.231,5.733],[101.256,5.79],[101.404,5.851],[101.555,5.908],[101.577,5.901],[101.602,5.877],[101.649,5.795],[101.678,5.778],[101.721,5.771],[101.789,5.78],[101.872,5.825],[101.919,5.912],[101.937,5.979],[102.056,6.097],[102.07,6.184],[102.102,6.242],[102.275,6.203],[102.34,6.172],[102.534,5.863],[102.79,5.644],[102.898,5.565],[102.981,5.525],[103.096,5.408],[103.197,5.262],[103.416,4.851],[103.452,4.669],[103.47,4.393],[103.42,3.976],[103.362,3.769],[103.373,3.671],[103.452,3.521],[103.431,3.379],[103.445,3.261],[103.438,2.933],[103.485,2.837],[103.539,2.775],[103.812,2.58],[103.834,2.509],[103.967,2.261],[104.219,1.723],[104.288,1.481],[104.28,1.415],[104.252,1.389],[104.176,1.365],[104.115,1.412],[104.093,1.447],[104.1,1.488],[104.075,1.53],[104.018,1.579],[103.982,1.624],[103.992,1.551],[103.992,1.455],[103.917,1.447],[103.816,1.476],[103.694,1.45],[103.55,1.332],[103.481,1.329],[103.427,1.429],[103.398,1.497],[103.355,1.546],[102.898,1.792],[102.729,1.856],[102.549,2.042],[102.146,2.249],[101.89,2.45],[101.782,2.573],[101.519,2.684],[101.408,2.813],[101.35,2.839],[101.296,2.886],[101.354,3.011],[101.328,3.143],[101.3,3.254],[101.116,3.473],[101.026,3.625],[100.85,3.776],[100.781,3.865],[100.716,3.966],[100.756,4.002],[100.796,4.023],[100.76,4.098],[100.662,4.226],[100.616,4.374],[100.616,4.651],[100.475,5.044],[100.353,5.587],[100.374,5.778],[100.342,5.985],[100.263,6.183],[100.158,6.325],[100.119,6.441]]],[[[117.575,4.171],[117.536,4.172],[117.449,4.193],[117.277,4.299],[117.1,4.337],[116.845,4.341],[116.697,4.355],[116.639,4.339],[116.589,4.339],[116.553,4.36],[116.513,4.37],[116.416,4.308],[116.369,4.327],[116.319,4.355],[116.236,4.363],[116.135,4.355],[116.02,4.29],[115.898,4.349],[115.862,4.348],[115.837,4.334],[115.783,4.254],[115.678,4.193],[115.628,4.082],[115.595,3.976],[115.57,3.94],[115.559,3.733],[115.545,3.634],[115.57,3.502],[115.567,3.447],[115.52,3.362],[115.513,3.342],[115.491,3.209],[115.498,3.172],[115.495,3.129],[115.455,3.035],[115.383,3.009],[115.311,2.993],[115.246,3.026],[115.189,2.974],[115.117,2.895],[115.088,2.841],[115.088,2.79],[115.095,2.757],[115.081,2.723],[115.077,2.686],[115.081,2.634],[115.131,2.612],[115.181,2.566],[115.178,2.523],[115.153,2.494],[115.088,2.447],[114.969,2.351],[114.836,2.27],[114.785,2.25],[114.767,2.212],[114.76,2.162],[114.789,2.051],[114.814,2.02],[114.832,1.98],[114.814,1.935],[114.8,1.895],[114.749,1.869],[114.703,1.851],[114.685,1.818],[114.659,1.686],[114.631,1.617],[114.566,1.514],[114.544,1.468],[114.512,1.452],[114.386,1.501],[114.274,1.471],[114.127,1.452],[114.001,1.455],[113.903,1.435],[113.835,1.381],[113.759,1.311],[113.68,1.261],[113.623,1.237],[113.515,1.308],[113.457,1.303],[113.36,1.327],[113.126,1.409],[113.068,1.431],[113.007,1.435],[112.989,1.457],[113,1.497],[112.989,1.547],[112.942,1.567],[112.478,1.56],[112.341,1.514],[112.251,1.48],[112.186,1.44],[112.168,1.337],[112.129,1.244],[112.078,1.143],[111.923,1.113],[111.808,1.011],[111.769,0.999],[111.693,1.014],[111.607,1.023],[111.545,0.994],[111.484,0.995],[111.286,1.044],[111.103,1.051],[110.995,1.027],[110.937,1.018],[110.617,0.877],[110.505,0.862],[110.462,0.883],[110.401,0.94],[110.314,0.995],[110.116,1.19],[110.041,1.235],[109.99,1.282],[109.943,1.337],[109.878,1.398],[109.817,1.44],[109.734,1.523],[109.655,1.615],[109.637,1.777],[109.572,1.806],[109.547,1.848],[109.54,1.896],[109.63,2.028],[109.695,1.889],[109.72,1.858],[109.864,1.764],[109.983,1.718],[110.113,1.698],[110.246,1.695],[110.3,1.702],[110.35,1.719],[110.401,1.7],[110.674,1.547],[110.782,1.521],[110.894,1.532],[110.941,1.518],[111.099,1.402],[111.146,1.388],[111.225,1.396],[111.124,1.448],[111.059,1.487],[111.031,1.558],[111.045,1.634],[111.11,1.685],[111.153,1.738],[111.171,1.902],[111.2,1.985],[111.25,2.065],[111.268,2.139],[111.211,2.198],[111.196,2.297],[111.207,2.379],[111.243,2.436],[111.297,2.398],[111.351,2.365],[111.405,2.369],[111.445,2.381],[111.452,2.424],[111.441,2.499],[111.445,2.634],[111.513,2.744],[111.625,2.818],[111.729,2.855],[112.118,2.915],[112.737,3.07],[112.921,3.131],[112.989,3.162],[113.043,3.205],[113.14,3.344],[113.32,3.561],[113.446,3.74],[113.713,4.002],[113.925,4.243],[113.954,4.289],[113.986,4.42],[113.99,4.483],[113.983,4.545],[114.011,4.575],[114.055,4.592],[114.065,4.592],[114.094,4.565],[114.17,4.526],[114.224,4.478],[114.26,4.414],[114.289,4.355],[114.289,4.304],[114.325,4.263],[114.418,4.256],[114.447,4.203],[114.512,4.113],[114.573,4.049],[114.609,4.025],[114.656,4.037],[114.724,4.096],[114.775,4.169],[114.811,4.266],[114.782,4.282],[114.832,4.355],[114.839,4.393],[114.818,4.429],[114.789,4.464],[114.778,4.552],[114.76,4.667],[114.746,4.717],[114.785,4.756],[114.865,4.802],[114.944,4.856],[115.027,4.9],[115.03,4.822],[115.027,4.691],[115.052,4.582],[115.106,4.391],[115.171,4.365],[115.246,4.348],[115.289,4.353],[115.318,4.365],[115.325,4.381],[115.279,4.457],[115.268,4.634],[115.228,4.75],[115.167,4.867],[115.142,4.9],[115.376,4.933],[115.426,4.969],[115.52,5.049],[115.556,5.094],[115.581,5.195],[115.466,5.254],[115.423,5.33],[115.419,5.413],[115.556,5.566],[115.603,5.603],[115.624,5.549],[115.685,5.535],[115.739,5.533],[115.797,5.537],[115.876,5.613],[115.919,5.724],[116.06,5.882],[116.11,6.004],[116.139,6.129],[116.495,6.521],[116.539,6.584],[116.751,6.978],[116.776,6.99],[116.834,6.952],[116.848,6.827],[116.841,6.773],[116.809,6.691],[116.787,6.606],[116.812,6.608],[116.913,6.66],[117.017,6.797],[117.079,6.917],[117.129,6.969],[117.23,6.939],[117.251,6.919],[117.244,6.834],[117.255,6.783],[117.295,6.677],[117.381,6.613],[117.5,6.571],[117.611,6.512],[117.647,6.474],[117.669,6.427],[117.694,6.349],[117.694,6.273],[117.615,6.196],[117.651,6.073],[117.644,6.002],[117.619,5.941],[117.5,5.884],[117.817,5.941],[117.896,5.972],[118.004,6.054],[118.061,5.983],[118.115,5.863],[118.072,5.832],[117.935,5.787],[117.928,5.769],[117.975,5.707],[118.033,5.712],[118.144,5.754],[118.249,5.82],[118.299,5.82],[118.353,5.806],[118.457,5.764],[118.515,5.729],[118.562,5.684],[118.594,5.592],[118.713,5.559],[118.958,5.429],[119.001,5.417],[119.051,5.415],[119.177,5.431],[119.224,5.413],[119.257,5.367],[119.267,5.308],[119.264,5.245],[119.249,5.198],[119.221,5.16],[119.131,5.101],[118.911,5.023],[118.673,4.964],[118.551,4.967],[118.382,5.018],[118.321,5.012],[118.259,4.988],[118.184,4.828],[118.324,4.669],[118.562,4.502],[118.594,4.46],[118.587,4.41],[118.547,4.379],[118.497,4.363],[118.364,4.335],[118.227,4.316],[118.119,4.287],[118.007,4.25],[117.896,4.263],[117.741,4.337],[117.698,4.342],[117.651,4.304],[117.604,4.2],[117.575,4.171]]],[[[104.223,2.731],[104.172,2.721],[104.147,2.728],[104.129,2.768],[104.169,2.856],[104.183,2.872],[104.223,2.775],[104.223,2.731]]],[[[100.288,5.295],[100.263,5.268],[100.191,5.283],[100.205,5.446],[100.245,5.467],[100.31,5.438],[100.338,5.41],[100.288,5.295]]],[[[99.849,6.466],[99.917,6.358],[99.885,6.311],[99.867,6.297],[99.824,6.313],[99.784,6.271],[99.744,6.264],[99.705,6.337],[99.658,6.367],[99.647,6.419],[99.712,6.427],[99.748,6.41],[99.82,6.445],[99.849,6.466]]],[[[117.143,7.169],[117.082,7.115],[117.061,7.179],[117.064,7.261],[117.147,7.337],[117.266,7.351],[117.28,7.29],[117.266,7.221],[117.241,7.184],[117.143,7.169]]],[[[101.318,2.988],[101.267,2.971],[101.267,2.997],[101.274,3.033],[101.31,3.068],[101.328,3.047],[101.318,2.988]]],[[[111.391,2.415],[111.358,2.402],[111.311,2.438],[111.301,2.742],[111.333,2.768],[111.355,2.764],[111.38,2.709],[111.376,2.577],[111.38,2.459],[111.391,2.415]]],[[[117.885,4.186],[117.745,4.167],[117.647,4.169],[117.665,4.203],[117.662,4.25],[117.709,4.263],[117.763,4.252],[117.885,4.186]]]]}},{"type":"Feature","properties":{"code":"la"},"geometry":{"type":"MultiPolygon","coordinates":[[[[102.128,22.379],[102.182,22.284],[102.3,22.178],[102.444,22.027],[102.488,21.958],[102.581,21.904],[102.61,21.852],[102.632,21.772],[102.642,21.711],[102.66,21.676],[102.696,21.662],[102.74,21.678],[102.772,21.709],[102.797,21.798],[102.815,21.807],[102.844,21.735],[102.876,21.722],[102.916,21.713],[102.948,21.682],[102.959,21.626],[102.948,21.57],[102.909,21.506],[102.887,21.44],[102.873,21.338],[102.851,21.267],[102.884,21.202],[103.103,20.892],[103.211,20.841],[103.463,20.781],[103.553,20.737],[103.636,20.697],[103.715,20.716],[103.791,20.81],[103.881,20.862],[104.054,20.942],[104.1,20.946],[104.194,20.914],[104.349,20.821],[104.46,20.734],[104.529,20.689],[104.583,20.647],[104.576,20.6],[104.532,20.555],[104.478,20.529],[104.406,20.485],[104.367,20.442],[104.392,20.425],[104.496,20.414],[104.619,20.374],[104.655,20.329],[104.662,20.289],[104.676,20.225],[104.698,20.206],[104.813,20.216],[104.849,20.202],[104.889,20.17],[104.928,20.083],[104.928,20.018],[104.846,19.947],[104.817,19.904],[104.802,19.836],[104.745,19.755],[104.586,19.619],[104.547,19.611],[104.259,19.685],[104.126,19.682],[104.064,19.678],[104.032,19.675],[104.014,19.647],[104.05,19.564],[104.064,19.482],[104.028,19.421],[103.931,19.366],[103.895,19.34],[103.892,19.305],[103.917,19.269],[104.007,19.23],[104.108,19.196],[104.446,18.984],[104.518,18.933],[104.612,18.861],[104.716,18.803],[104.993,18.729],[105.116,18.678],[105.148,18.651],[105.144,18.618],[105.112,18.572],[105.087,18.496],[105.087,18.451],[105.116,18.406],[105.162,18.338],[105.274,18.236],[105.335,18.19],[105.4,18.18],[105.458,18.154],[105.519,18.078],[105.587,17.984],[105.598,17.918],[105.627,17.835],[105.692,17.737],[105.778,17.644],[105.904,17.529],[105.972,17.447],[106.005,17.414],[106.271,17.217],[106.332,17.144],[106.426,17.003],[106.466,16.982],[106.502,16.954],[106.527,16.876],[106.534,16.821],[106.545,16.651],[106.595,16.6],[106.638,16.538],[106.656,16.493],[106.696,16.46],[106.739,16.453],[106.793,16.491],[106.833,16.526],[106.851,16.515],[106.894,16.397],[106.93,16.354],[107.002,16.312],[107.07,16.279],[107.218,16.137],[107.297,16.085],[107.351,16.067],[107.398,16.043],[107.409,15.998],[107.391,15.951],[107.362,15.922],[107.189,15.838],[107.168,15.802],[107.189,15.748],[107.232,15.678],[107.279,15.619],[107.34,15.56],[107.459,15.467],[107.564,15.392],[107.621,15.31],[107.654,15.255],[107.632,15.191],[107.589,15.118],[107.556,15.057],[107.495,15.022],[107.481,14.981],[107.506,14.916],[107.524,14.871],[107.513,14.817],[107.52,14.705],[107.466,14.665],[107.416,14.562],[107.38,14.555],[107.294,14.592],[107.261,14.573],[107.207,14.498],[107.11,14.416],[107.063,14.416],[107.031,14.425],[106.991,14.39],[106.937,14.328],[106.912,14.33],[106.818,14.314],[106.782,14.335],[106.739,14.387],[106.664,14.441],[106.599,14.479],[106.563,14.505],[106.53,14.55],[106.502,14.578],[106.448,14.515],[106.354,14.455],[106.268,14.467],[106.224,14.475],[106.192,14.389],[106.167,14.373],[106.008,14.357],[105.98,14.343],[106.005,14.264],[106.098,14.126],[106.124,14.048],[106.066,13.922],[105.904,13.925],[105.832,13.977],[105.764,14.048],[105.738,14.085],[105.533,14.156],[105.393,14.107],[105.35,14.109],[105.285,14.161],[105.245,14.201],[105.206,14.26],[105.184,14.319],[105.184,14.347],[105.245,14.368],[105.342,14.416],[105.422,14.472],[105.476,14.531],[105.497,14.59],[105.501,14.661],[105.522,14.843],[105.548,14.932],[105.533,15.041],[105.49,15.128],[105.49,15.257],[105.504,15.319],[105.512,15.361],[105.573,15.413],[105.616,15.488],[105.638,15.586],[105.641,15.656],[105.623,15.699],[105.562,15.741],[105.461,15.781],[105.4,15.83],[105.375,15.89],[105.375,15.942],[105.407,15.987],[105.332,16.038],[105.148,16.093],[105.047,16.161],[105.026,16.237],[104.95,16.34],[104.82,16.467],[104.752,16.647],[104.745,16.885],[104.759,17.078],[104.817,17.3],[104.741,17.461],[104.655,17.546],[104.54,17.609],[104.428,17.699],[104.324,17.815],[104.198,17.989],[104.05,18.217],[103.949,18.319],[103.899,18.295],[103.791,18.317],[103.629,18.383],[103.488,18.418],[103.366,18.423],[103.287,18.409],[103.251,18.373],[103.247,18.34],[103.28,18.305],[103.262,18.279],[103.2,18.26],[103.15,18.222],[103.092,18.138],[103.053,18.029],[102.992,17.986],[102.898,17.977],[102.808,17.946],[102.718,17.892],[102.675,17.852],[102.678,17.824],[102.66,17.817],[102.617,17.833],[102.596,17.869],[102.599,17.927],[102.552,17.965],[102.459,17.984],[102.351,18.046],[102.232,18.149],[102.149,18.204],[102.102,18.211],[102.034,18.17],[101.948,18.081],[101.876,18.046],[101.818,18.065],[101.775,18.034],[101.742,17.953],[101.688,17.89],[101.562,17.821],[101.555,17.812],[101.415,17.718],[101.3,17.625],[101.166,17.5],[101.105,17.479],[101.044,17.51],[100.958,17.541],[100.907,17.585],[101.001,17.796],[101.112,18.034],[101.145,18.142],[101.148,18.222],[101.138,18.288],[101.094,18.355],[101.051,18.407],[101.048,18.442],[101.062,18.479],[101.105,18.534],[101.166,18.618],[101.22,18.793],[101.285,18.977],[101.282,19.09],[101.228,19.211],[101.199,19.328],[101.22,19.487],[101.213,19.548],[101.156,19.579],[100.965,19.611],[100.907,19.605],[100.857,19.584],[100.806,19.541],[100.745,19.515],[100.626,19.499],[100.515,19.553],[100.421,19.645],[100.396,19.756],[100.468,19.888],[100.515,19.996],[100.544,20.088],[100.54,20.133],[100.518,20.178],[100.493,20.183],[100.432,20.241],[100.374,20.34],[100.317,20.387],[100.266,20.378],[100.22,20.34],[100.173,20.272],[100.14,20.246],[100.115,20.258],[100.122,20.317],[100.13,20.373],[100.184,20.59],[100.248,20.73],[100.328,20.796],[100.407,20.824],[100.493,20.814],[100.565,20.826],[100.623,20.859],[100.619,20.88],[100.551,20.885],[100.522,20.921],[100.536,20.992],[100.565,21.038],[100.612,21.06],[100.659,21.13],[100.702,21.251],[100.756,21.312],[100.821,21.314],[100.929,21.366],[101.08,21.468],[101.138,21.567],[101.195,21.522],[101.174,21.407],[101.206,21.383],[101.22,21.343],[101.213,21.279],[101.224,21.223],[101.249,21.197],[101.282,21.183],[101.444,21.23],[101.541,21.234],[101.584,21.204],[101.62,21.185],[101.667,21.169],[101.706,21.15],[101.728,21.156],[101.782,21.204],[101.8,21.213],[101.804,21.235],[101.764,21.279],[101.724,21.315],[101.724,21.395],[101.742,21.534],[101.746,21.605],[101.742,21.779],[101.735,21.826],[101.699,21.883],[101.602,21.989],[101.577,22.055],[101.559,22.121],[101.562,22.162],[101.537,22.209],[101.523,22.254],[101.57,22.277],[101.62,22.327],[101.645,22.405],[101.67,22.463],[101.706,22.487],[101.739,22.496],[101.76,22.491],[101.843,22.388],[101.944,22.44],[102.023,22.438],[102.092,22.412],[102.128,22.379]]]]}},{"type":"Feature","properties":{"code":"id"},"geometry":{"type":"MultiPolygon","coordinates":[[[[97.48,1.466],[97.7,1.185],[97.786,1.146],[97.905,1.018],[97.934,0.975],[97.901,0.884],[97.876,0.629],[97.822,0.565],[97.685,0.596],[97.682,0.641],[97.602,0.834],[97.462,0.942],[97.404,0.947],[97.368,1.056],[97.296,1.188],[97.08,1.426],[97.246,1.424],[97.325,1.481],[97.343,1.528],[97.358,1.54],[97.48,1.466]]],[[[99.165,-1.779],[99.071,-1.784],[98.873,-1.664],[98.826,-1.61],[98.816,-1.537],[98.628,-1.261],[98.603,-1.197],[98.675,-0.97],[98.87,-0.916],[98.934,-0.954],[98.956,-1.057],[99.064,-1.241],[99.1,-1.34],[99.129,-1.385],[99.14,-1.418],[99.132,-1.442],[99.212,-1.56],[99.266,-1.628],[99.273,-1.739],[99.165,-1.779]]],[[[108.316,3.69],[108.179,3.653],[108.1,3.705],[108.186,3.768],[108.215,3.773],[108.237,3.785],[108.244,3.811],[108.089,3.853],[108.046,3.889],[108.003,3.983],[108.003,4.042],[108.201,4.2],[108.248,4.217],[108.255,4.151],[108.392,3.986],[108.399,3.875],[108.395,3.835],[108.316,3.69]]],[[[96.494,5.229],[96.616,5.221],[96.843,5.275],[96.969,5.269],[97.084,5.229],[97.192,5.207],[97.451,5.236],[97.502,5.228],[97.548,5.205],[97.588,5.17],[97.707,5.04],[97.908,4.881],[97.966,4.778],[97.998,4.662],[98.02,4.636],[98.247,4.415],[98.272,4.322],[98.24,4.195],[98.308,4.092],[98.528,3.997],[98.657,3.927],[98.686,3.886],[98.704,3.835],[98.78,3.759],[98.87,3.71],[99.15,3.582],[99.521,3.311],[99.734,3.183],[99.906,2.988],[99.971,2.895],[100.022,2.794],[100.126,2.648],[100.306,2.466],[100.353,2.412],[100.4,2.332],[100.457,2.257],[100.526,2.19],[100.605,2.138],[100.684,2.12],[100.817,1.99],[100.889,1.948],[100.878,2.051],[100.817,2.139],[100.817,2.195],[100.828,2.242],[100.878,2.283],[100.936,2.294],[101.048,2.257],[101.224,2.103],[101.3,2.013],[101.357,1.888],[101.404,1.757],[101.476,1.693],[101.573,1.671],[101.685,1.662],[101.786,1.622],[102.02,1.442],[102.099,1.358],[102.156,1.259],[102.2,1.141],[102.225,1.018],[102.239,0.99],[102.39,0.843],[102.47,0.78],[102.567,0.749],[102.848,0.716],[102.948,0.664],[103.031,0.579],[103.067,0.492],[103.006,0.416],[102.786,0.297],[102.549,0.216],[102.779,0.244],[102.894,0.278],[103.002,0.332],[103.11,0.4],[103.276,0.495],[103.337,0.514],[103.413,0.508],[103.478,0.48],[103.578,0.388],[103.672,0.289],[103.744,0.174],[103.787,0.047],[103.708,-0.02],[103.589,-0.069],[103.427,-0.192],[103.413,-0.241],[103.445,-0.272],[103.406,-0.362],[103.496,-0.418],[103.51,-0.466],[103.431,-0.534],[103.438,-0.576],[103.532,-0.755],[103.578,-0.796],[103.722,-0.886],[103.938,-0.978],[104.061,-1.022],[104.198,-1.055],[104.259,-1.053],[104.36,-1.039],[104.381,-1.074],[104.424,-1.251],[104.446,-1.362],[104.478,-1.6],[104.518,-1.699],[104.514,-1.819],[104.568,-1.921],[104.676,-1.987],[104.792,-2.041],[104.846,-2.093],[104.846,-2.171],[104.828,-2.234],[104.788,-2.282],[104.669,-2.386],[104.648,-2.43],[104.63,-2.543],[104.651,-2.595],[104.698,-2.598],[104.734,-2.57],[104.878,-2.419],[104.918,-2.392],[104.972,-2.371],[105.026,-2.357],[105.285,-2.357],[105.396,-2.379],[105.494,-2.43],[105.584,-2.492],[105.9,-2.888],[106.044,-3.107],[106.055,-3.161],[106.059,-3.218],[106.034,-3.261],[105.9,-3.411],[105.886,-3.451],[105.843,-3.614],[105.85,-3.73],[105.897,-3.78],[105.929,-3.832],[105.929,-3.881],[105.839,-4.122],[105.832,-4.162],[105.886,-4.555],[105.89,-4.661],[105.879,-4.794],[105.886,-5.009],[105.818,-5.676],[105.803,-5.716],[105.749,-5.818],[105.677,-5.817],[105.62,-5.799],[105.576,-5.761],[105.555,-5.713],[105.522,-5.673],[105.35,-5.549],[105.303,-5.57],[105.126,-5.723],[105.08,-5.746],[105.022,-5.726],[104.932,-5.681],[104.64,-5.52],[104.622,-5.572],[104.619,-5.641],[104.676,-5.817],[104.684,-5.893],[104.63,-5.909],[104.601,-5.905],[104.482,-5.803],[104.37,-5.69],[104.244,-5.539],[104.151,-5.466],[104.068,-5.386],[103.83,-5.079],[103.769,-5.032],[103.406,-4.817],[103.334,-4.765],[103.24,-4.676],[103.139,-4.596],[102.92,-4.471],[102.538,-4.152],[102.372,-3.97],[102.189,-3.674],[102.128,-3.6],[101.818,-3.378],[101.649,-3.244],[101.577,-3.168],[101.415,-2.898],[101.364,-2.808],[101.307,-2.728],[101.206,-2.664],[101.12,-2.588],[100.943,-2.345],[100.889,-2.249],[100.85,-2.143],[100.857,-1.935],[100.486,-1.3],[100.392,-1.102],[100.31,-0.827],[100.288,-0.8],[100.086,-0.553],[100.018,-0.475],[99.932,-0.4],[99.86,-0.314],[99.723,-0.032],[99.669,0.046],[99.597,0.103],[99.334,0.209],[99.237,0.268],[99.158,0.351],[99.111,0.459],[99.06,0.686],[98.934,1.032],[98.798,1.495],[98.704,1.702],[98.596,1.865],[98.564,1.902],[98.085,2.195],[98.006,2.238],[97.919,2.264],[97.797,2.283],[97.7,2.358],[97.664,2.494],[97.642,2.676],[97.617,2.785],[97.592,2.846],[97.39,2.976],[97.314,3.077],[97.25,3.19],[97.188,3.276],[96.969,3.575],[96.893,3.653],[96.8,3.709],[96.526,3.766],[96.443,3.816],[96.31,3.986],[96.231,4.073],[95.99,4.263],[95.579,4.662],[95.496,4.761],[95.432,4.865],[95.381,4.976],[95.208,5.283],[95.219,5.346],[95.248,5.41],[95.244,5.464],[95.223,5.518],[95.226,5.565],[95.28,5.592],[95.396,5.629],[95.518,5.625],[95.63,5.61],[95.738,5.58],[95.842,5.514],[96.026,5.351],[96.134,5.294],[96.252,5.268],[96.494,5.229]]],[[[124.891,0.995],[124.7,0.825],[124.639,0.744],[124.588,0.655],[124.513,0.558],[124.426,0.471],[124.383,0.445],[124.279,0.398],[124.217,0.381],[124.102,0.374],[123.753,0.306],[123.641,0.297],[123.526,0.301],[123.31,0.318],[123.267,0.327],[123.181,0.416],[123.083,0.485],[122.997,0.494],[122.911,0.487],[122.281,0.482],[122.061,0.468],[121.841,0.436],[121.723,0.45],[121.604,0.487],[121.517,0.499],[121.427,0.495],[121.013,0.442],[120.909,0.447],[120.7,0.514],[120.578,0.528],[120.459,0.511],[120.347,0.449],[120.308,0.409],[120.193,0.268],[120.128,0.167],[120.077,0.041],[120.038,-0.09],[120.013,-0.196],[120.013,-0.307],[120.031,-0.432],[120.063,-0.555],[120.099,-0.65],[120.239,-0.869],[120.268,-0.899],[120.427,-0.961],[120.517,-1.039],[120.607,-1.258],[120.668,-1.371],[120.729,-1.371],[120.797,-1.364],[120.916,-1.378],[121.035,-1.407],[121.15,-1.34],[121.211,-1.213],[121.276,-1.117],[121.431,-0.939],[121.521,-0.855],[121.575,-0.829],[121.633,-0.84],[121.679,-0.888],[121.737,-0.926],[121.852,-0.945],[121.971,-0.933],[122.093,-0.874],[122.137,-0.84],[122.176,-0.794],[122.281,-0.756],[122.529,-0.756],[122.659,-0.77],[122.889,-0.755],[122.885,-0.722],[122.842,-0.687],[122.828,-0.659],[122.871,-0.64],[123.019,-0.6],[123.17,-0.571],[123.281,-0.591],[123.379,-0.649],[123.418,-0.708],[123.433,-0.779],[123.397,-0.961],[123.379,-1.005],[123.299,-1.025],[123.227,-1.001],[123.152,-0.907],[123.051,-0.873],[122.903,-0.9],[122.853,-0.928],[122.806,-0.966],[122.723,-1.064],[122.655,-1.175],[122.507,-1.348],[122.335,-1.498],[122.252,-1.555],[122.158,-1.595],[121.859,-1.694],[121.78,-1.767],[121.719,-1.862],[121.651,-1.895],[121.571,-1.906],[121.514,-1.888],[121.395,-1.834],[121.355,-1.878],[121.348,-1.945],[121.406,-1.97],[121.503,-2.044],[121.575,-2.15],[121.622,-2.173],[121.726,-2.208],[121.769,-2.241],[121.849,-2.331],[121.971,-2.543],[122.014,-2.657],[122.083,-2.749],[122.291,-2.907],[122.302,-2.952],[122.291,-3.004],[122.306,-3.051],[122.381,-3.142],[122.399,-3.201],[122.317,-3.275],[122.313,-3.383],[122.263,-3.527],[122.252,-3.576],[122.252,-3.621],[122.288,-3.662],[122.327,-3.694],[122.385,-3.711],[122.435,-3.74],[122.529,-3.853],[122.579,-3.883],[122.608,-3.923],[122.608,-3.985],[122.651,-4.02],[122.691,-4.084],[122.749,-4.1],[122.777,-4.082],[122.799,-4.055],[122.849,-4.065],[122.878,-4.108],[122.893,-4.166],[122.9,-4.23],[122.896,-4.35],[122.871,-4.391],[122.817,-4.39],[122.72,-4.341],[122.716,-4.376],[122.723,-4.411],[122.673,-4.423],[122.615,-4.418],[122.471,-4.423],[122.209,-4.496],[122.115,-4.541],[122.054,-4.621],[122.05,-4.674],[122.072,-4.792],[122.039,-4.832],[121.917,-4.848],[121.748,-4.817],[121.647,-4.786],[121.589,-4.759],[121.514,-4.681],[121.485,-4.581],[121.543,-4.282],[121.557,-4.244],[121.582,-4.211],[121.611,-4.157],[121.618,-4.093],[121.539,-4.015],[121.417,-3.984],[121.312,-3.919],[120.913,-3.556],[120.891,-3.52],[120.891,-3.461],[120.905,-3.404],[121.039,-3.206],[121.053,-3.168],[121.071,-3.01],[121.067,-2.881],[121.053,-2.751],[120.992,-2.671],[120.88,-2.645],[120.765,-2.642],[120.653,-2.668],[120.545,-2.732],[120.34,-2.869],[120.261,-2.949],[120.254,-3.053],[120.301,-3.154],[120.362,-3.247],[120.391,-3.348],[120.437,-3.707],[120.434,-3.747],[120.383,-3.852],[120.362,-4.086],[120.383,-4.416],[120.419,-4.617],[120.405,-4.727],[120.311,-4.963],[120.283,-5.093],[120.279,-5.147],[120.391,-5.393],[120.416,-5.49],[120.43,-5.591],[120.311,-5.542],[120.257,-5.544],[120.2,-5.56],[120.077,-5.575],[119.951,-5.577],[119.908,-5.596],[119.818,-5.662],[119.764,-5.688],[119.717,-5.693],[119.559,-5.612],[119.462,-5.522],[119.375,-5.424],[119.361,-5.315],[119.39,-5.2],[119.433,-5.079],[119.519,-4.878],[119.516,-4.742],[119.545,-4.631],[119.595,-4.523],[119.613,-4.423],[119.624,-4.034],[119.613,-3.999],[119.494,-3.768],[119.48,-3.73],[119.48,-3.668],[119.491,-3.609],[119.494,-3.555],[119.469,-3.513],[119.419,-3.475],[119.361,-3.459],[119.239,-3.475],[118.994,-3.537],[118.922,-3.484],[118.868,-3.398],[118.832,-3.28],[118.814,-3.157],[118.821,-3.041],[118.857,-2.928],[118.828,-2.85],[118.785,-2.765],[118.785,-2.721],[118.81,-2.681],[118.853,-2.65],[118.907,-2.631],[118.958,-2.598],[119.091,-2.484],[119.134,-2.383],[119.138,-2.258],[119.174,-2.14],[119.242,-2.03],[119.321,-1.93],[119.347,-1.826],[119.307,-1.659],[119.325,-1.584],[119.311,-1.496],[119.311,-1.409],[119.357,-1.244],[119.509,-0.907],[119.653,-0.728],[119.71,-0.682],[119.786,-0.763],[119.843,-0.862],[119.847,-0.774],[119.829,-0.687],[119.771,-0.484],[119.721,-0.088],[119.735,-0.051],[119.786,-0.057],[119.84,-0.022],[119.865,0.041],[119.811,0.186],[119.811,0.238],[119.912,0.445],[119.998,0.52],[120.034,0.567],[120.056,0.693],[120.099,0.74],[120.157,0.775],[120.229,0.862],[120.268,0.971],[120.293,0.98],[120.322,0.983],[120.365,0.888],[120.416,0.85],[120.517,0.818],[120.603,0.855],[120.628,0.902],[120.661,0.943],[120.711,0.987],[120.754,1.035],[120.805,1.15],[120.869,1.252],[120.913,1.289],[120.967,1.311],[121.024,1.325],[121.082,1.327],[121.208,1.263],[121.283,1.251],[121.355,1.254],[121.406,1.244],[121.442,1.214],[121.474,1.155],[121.514,1.105],[121.55,1.08],[121.593,1.068],[121.867,1.089],[122.108,1.032],[122.435,1.018],[122.551,0.985],[122.659,0.94],[122.788,0.863],[122.839,0.846],[122.893,0.85],[122.961,0.922],[123.011,0.94],[123.065,0.942],[123.278,0.928],[123.847,0.837],[123.929,0.851],[124.275,1.023],[124.412,1.185],[124.534,1.23],[124.574,1.304],[124.599,1.393],[124.642,1.415],[124.747,1.442],[124.786,1.468],[124.862,1.575],[124.948,1.672],[124.988,1.7],[125.11,1.686],[125.164,1.643],[125.233,1.502],[125.222,1.478],[125.143,1.409],[125.117,1.379],[125.027,1.179],[124.966,1.082],[124.891,0.995]]],[[[109.63,2.028],[109.54,1.896],[109.547,1.848],[109.572,1.806],[109.637,1.777],[109.655,1.615],[109.734,1.523],[109.817,1.44],[109.878,1.398],[109.943,1.337],[109.99,1.282],[110.041,1.235],[110.116,1.19],[110.314,0.995],[110.401,0.94],[110.462,0.883],[110.505,0.862],[110.617,0.877],[110.937,1.018],[110.995,1.027],[111.103,1.051],[111.286,1.044],[111.484,0.995],[111.545,0.994],[111.607,1.023],[111.693,1.014],[111.769,0.999],[111.808,1.011],[111.923,1.113],[112.078,1.143],[112.129,1.244],[112.168,1.337],[112.186,1.44],[112.251,1.48],[112.341,1.514],[112.478,1.56],[112.942,1.567],[112.989,1.547],[113,1.497],[112.989,1.457],[113.007,1.435],[113.068,1.431],[113.126,1.409],[113.36,1.327],[113.457,1.303],[113.515,1.308],[113.623,1.237],[113.68,1.261],[113.759,1.311],[113.835,1.381],[113.903,1.435],[114.001,1.455],[114.127,1.452],[114.274,1.471],[114.386,1.501],[114.512,1.452],[114.544,1.468],[114.566,1.514],[114.631,1.617],[114.659,1.686],[114.685,1.818],[114.703,1.851],[114.749,1.869],[114.8,1.895],[114.814,1.935],[114.832,1.98],[114.814,2.02],[114.789,2.051],[114.76,2.162],[114.767,2.212],[114.785,2.25],[114.836,2.27],[114.969,2.351],[115.088,2.447],[115.153,2.494],[115.178,2.523],[115.181,2.566],[115.131,2.612],[115.081,2.634],[115.077,2.686],[115.081,2.723],[115.095,2.757],[115.088,2.79],[115.088,2.841],[115.117,2.895],[115.189,2.974],[115.246,3.026],[115.311,2.993],[115.383,3.009],[115.455,3.035],[115.495,3.129],[115.498,3.172],[115.491,3.209],[115.513,3.342],[115.52,3.362],[115.567,3.447],[115.57,3.502],[115.545,3.634],[115.559,3.733],[115.57,3.94],[115.595,3.976],[115.628,4.082],[115.678,4.193],[115.783,4.254],[115.837,4.334],[115.862,4.348],[115.898,4.349],[116.02,4.29],[116.135,4.355],[116.236,4.363],[116.319,4.355],[116.369,4.327],[116.416,4.308],[116.513,4.37],[116.553,4.36],[116.589,4.339],[116.639,4.339],[116.697,4.355],[116.845,4.341],[117.1,4.337],[117.277,4.299],[117.449,4.193],[117.536,4.172],[117.575,4.171],[117.565,4.162],[117.496,4.134],[117.464,4.077],[117.561,3.988],[117.565,3.929],[117.64,3.877],[117.727,3.797],[117.73,3.769],[117.763,3.733],[117.777,3.69],[117.716,3.644],[117.629,3.636],[117.568,3.677],[117.511,3.73],[117.496,3.665],[117.449,3.629],[117.287,3.639],[117.172,3.639],[117.057,3.622],[117.115,3.613],[117.165,3.592],[117.345,3.426],[117.385,3.365],[117.323,3.243],[117.352,3.193],[117.421,3.165],[117.507,3.105],[117.568,3.098],[117.611,3.065],[117.611,3.006],[117.637,2.95],[117.568,2.929],[117.637,2.915],[117.698,2.888],[117.665,2.86],[117.64,2.825],[117.665,2.808],[117.748,2.775],[117.784,2.747],[117.806,2.669],[117.885,2.542],[118.033,2.377],[118.065,2.318],[118.065,2.263],[118.043,2.216],[117.957,2.16],[117.889,2.087],[117.881,2.061],[117.788,2.027],[117.831,2.002],[117.863,1.969],[117.928,1.867],[118.079,1.702],[118.159,1.641],[118.472,1.417],[118.637,1.318],[118.853,1.096],[118.965,1.044],[118.987,0.981],[118.893,0.888],[118.756,0.839],[118.533,0.813],[118.31,0.848],[118.195,0.874],[118.094,0.929],[118.015,1.039],[117.91,1.1],[117.953,1.032],[117.979,0.964],[117.964,0.889],[117.925,0.832],[117.853,0.789],[117.777,0.754],[117.745,0.73],[117.554,0.341],[117.521,0.237],[117.464,-0.201],[117.464,-0.324],[117.55,-0.555],[117.557,-0.675],[117.575,-0.727],[117.561,-0.77],[117.521,-0.796],[117.356,-0.867],[117.241,-0.926],[117.147,-1.01],[117.071,-1.112],[117.003,-1.189],[116.913,-1.223],[116.848,-1.218],[116.798,-1.183],[116.762,-1.117],[116.74,-1.044],[116.726,-1.098],[116.729,-1.15],[116.758,-1.208],[116.773,-1.267],[116.755,-1.327],[116.715,-1.376],[116.611,-1.428],[116.553,-1.473],[116.546,-1.553],[116.517,-1.598],[116.477,-1.633],[116.333,-1.713],[116.301,-1.744],[116.276,-1.786],[116.355,-1.779],[116.423,-1.786],[116.431,-1.864],[116.452,-1.923],[116.423,-2.053],[116.315,-2.14],[116.369,-2.159],[116.42,-2.187],[116.528,-2.208],[116.564,-2.3],[116.549,-2.411],[116.528,-2.511],[116.452,-2.539],[116.402,-2.52],[116.351,-2.522],[116.315,-2.551],[116.308,-2.603],[116.377,-2.577],[116.373,-2.708],[116.355,-2.833],[116.33,-2.902],[116.29,-2.959],[116.225,-2.977],[116.168,-2.935],[116.153,-2.984],[116.171,-3.025],[116.258,-3.126],[116.204,-3.148],[116.168,-3.183],[116.15,-3.234],[116.056,-3.348],[116.017,-3.433],[115.999,-3.523],[115.955,-3.595],[115.257,-3.907],[114.695,-4.169],[114.652,-4.152],[114.627,-4.112],[114.605,-3.704],[114.537,-3.494],[114.526,-3.376],[114.447,-3.482],[114.397,-3.471],[114.343,-3.444],[114.303,-3.411],[114.303,-3.365],[114.343,-3.235],[114.292,-3.306],[114.235,-3.36],[114.177,-3.355],[114.127,-3.327],[114.109,-3.286],[114.083,-3.279],[113.957,-3.395],[113.795,-3.456],[113.705,-3.456],[113.633,-3.419],[113.637,-3.332],[113.63,-3.246],[113.612,-3.195],[113.565,-3.178],[113.525,-3.185],[113.41,-3.228],[113.367,-3.223],[113.342,-3.246],[113.036,-2.933],[112.971,-3.187],[112.759,-3.322],[112.6,-3.4],[112.445,-3.371],[112.283,-3.32],[112.125,-3.381],[111.956,-3.53],[111.909,-3.553],[111.859,-3.551],[111.823,-3.532],[111.833,-3.419],[111.837,-3.308],[111.823,-3.056],[111.808,-3.008],[111.761,-2.938],[111.697,-2.89],[111.657,-2.926],[111.625,-2.975],[111.495,-2.973],[111.369,-2.933],[111.261,-2.956],[111.045,-3.056],[110.93,-3.07],[110.869,-3.05],[110.829,-2.996],[110.851,-2.945],[110.901,-2.909],[110.811,-2.938],[110.735,-2.989],[110.703,-3.022],[110.667,-3.004],[110.573,-2.892],[110.379,-2.933],[110.35,-2.947],[110.303,-2.985],[110.257,-2.966],[110.231,-2.925],[110.224,-2.688],[110.123,-2.234],[110.098,-2.001],[110.077,-1.947],[109.961,-1.862],[109.965,-1.742],[110.023,-1.643],[110.037,-1.525],[110.019,-1.399],[109.983,-1.275],[109.94,-1.182],[109.875,-1.102],[109.788,-1.011],[109.68,-0.944],[109.454,-0.869],[109.335,-0.876],[109.288,-0.847],[109.259,-0.807],[109.27,-0.732],[109.313,-0.68],[109.367,-0.668],[109.374,-0.638],[109.256,-0.577],[109.162,-0.494],[109.13,-0.446],[109.122,-0.392],[109.122,-0.265],[109.151,-0.185],[109.166,-0.142],[109.194,-0.01],[109.259,0.032],[109.248,0.056],[109.22,0.074],[109.18,0.117],[109.148,0.167],[109.076,0.252],[108.946,0.357],[108.924,0.534],[108.906,0.794],[108.917,0.912],[108.957,1.134],[109.032,1.204],[109.09,1.225],[109.133,1.254],[109.097,1.257],[109.065,1.247],[109.011,1.24],[109.054,1.438],[109.076,1.495],[109.166,1.606],[109.274,1.705],[109.317,1.822],[109.378,1.922],[109.63,2.028]]],[[[101.706,2.079],[101.764,1.997],[101.775,1.943],[101.735,1.882],[101.721,1.789],[101.602,1.716],[101.501,1.733],[101.469,1.759],[101.404,1.902],[101.411,2.021],[101.451,2.068],[101.544,2.061],[101.642,2.127],[101.706,2.079]]],[[[102.426,0.99],[102.38,0.959],[102.326,1.008],[102.279,1.075],[102.257,1.146],[102.236,1.264],[102.228,1.348],[102.257,1.396],[102.275,1.395],[102.358,1.346],[102.412,1.261],[102.444,1.235],[102.448,1.157],[102.43,1.067],[102.426,0.99]]],[[[102.491,1.459],[102.498,1.33],[102.426,1.365],[102.365,1.415],[102.275,1.454],[102.16,1.466],[102.077,1.499],[102.02,1.558],[102.02,1.586],[102.023,1.608],[102.041,1.626],[102.47,1.509],[102.491,1.459]]],[[[103.028,0.747],[103.01,0.709],[102.97,0.737],[102.776,0.78],[102.711,0.784],[102.542,0.832],[102.491,0.856],[102.455,0.889],[102.466,0.95],[102.491,0.987],[102.506,1.089],[102.549,1.131],[102.632,1.054],[102.725,0.988],[102.779,0.959],[102.945,0.893],[103.002,0.86],[103.028,0.747]]],[[[103.168,0.87],[103.136,0.841],[103.085,0.848],[103.035,0.883],[102.963,0.943],[102.887,0.997],[102.786,1.032],[102.725,1.04],[102.704,1.054],[102.725,1.159],[102.79,1.165],[102.999,1.068],[103.067,1.014],[103.168,0.87]]],[[[103.283,0.542],[103.172,0.535],[103.139,0.549],[103.154,0.643],[103.186,0.7],[103.236,0.699],[103.294,0.613],[103.283,0.542]]],[[[103.449,0.664],[103.431,0.652],[103.344,0.778],[103.366,0.851],[103.388,0.87],[103.434,0.825],[103.47,0.778],[103.499,0.723],[103.449,0.664]]],[[[104.025,1.181],[104.09,1.138],[104.14,1.165],[104.136,1.129],[104.126,1.093],[104.064,0.99],[103.964,1.013],[103.938,1.046],[103.931,1.072],[103.946,1.087],[103.956,1.138],[104,1.138],[104.025,1.181]]],[[[104.586,1.216],[104.59,1.141],[104.648,1.105],[104.662,1.049],[104.651,0.961],[104.601,0.858],[104.576,0.832],[104.504,0.853],[104.482,0.886],[104.471,0.914],[104.482,0.933],[104.428,0.957],[104.464,0.995],[104.439,1.051],[104.295,1.016],[104.252,1.014],[104.244,1.077],[104.252,1.103],[104.363,1.181],[104.428,1.197],[104.5,1.179],[104.586,1.216]]],[[[104.777,-0.176],[104.806,-0.192],[104.842,-0.14],[104.91,-0.211],[104.95,-0.248],[105.004,-0.282],[104.95,-0.284],[104.928,-0.317],[104.914,-0.324],[104.702,-0.209],[104.565,-0.246],[104.475,-0.213],[104.446,-0.189],[104.496,-0.126],[104.543,0.018],[104.637,-0.018],[104.658,-0.064],[104.651,-0.076],[104.712,-0.104],[104.777,-0.176]]],[[[104.475,-0.334],[104.568,-0.432],[104.59,-0.466],[104.543,-0.52],[104.507,-0.597],[104.486,-0.612],[104.414,-0.584],[104.363,-0.659],[104.331,-0.539],[104.259,-0.463],[104.302,-0.387],[104.32,-0.38],[104.342,-0.383],[104.363,-0.402],[104.475,-0.334]]],[[[103.737,-0.348],[103.607,-0.383],[103.46,-0.357],[103.478,-0.298],[103.55,-0.227],[103.611,-0.23],[103.722,-0.277],[103.766,-0.317],[103.737,-0.348]]],[[[109.709,-1.18],[109.511,-1.282],[109.464,-1.277],[109.428,-1.241],[109.45,-1.044],[109.475,-0.985],[109.616,-0.978],[109.698,-1.008],[109.742,-1.039],[109.76,-1.105],[109.752,-1.145],[109.709,-1.18]]],[[[125.657,3.436],[125.632,3.405],[125.51,3.46],[125.517,3.549],[125.503,3.592],[125.47,3.639],[125.456,3.684],[125.47,3.733],[125.542,3.671],[125.585,3.572],[125.643,3.476],[125.657,3.436]]],[[[98.459,-0.531],[98.398,-0.577],[98.308,-0.532],[98.34,-0.468],[98.355,-0.38],[98.409,-0.308],[98.427,-0.227],[98.322,-0.001],[98.373,0.008],[98.416,-0.017],[98.484,-0.168],[98.546,-0.258],[98.52,-0.38],[98.459,-0.531]]],[[[96.465,2.36],[96.4,2.351],[96.342,2.372],[96.292,2.429],[96.022,2.596],[95.939,2.598],[95.882,2.641],[95.81,2.655],[95.734,2.766],[95.716,2.827],[95.774,2.855],[95.806,2.915],[95.896,2.889],[95.997,2.782],[96.101,2.742],[96.13,2.721],[96.18,2.662],[96.418,2.514],[96.443,2.466],[96.461,2.415],[96.465,2.36]]],[[[121.863,-0.407],[121.906,-0.451],[121.881,-0.503],[121.849,-0.491],[121.755,-0.491],[121.723,-0.494],[121.679,-0.525],[121.654,-0.525],[121.672,-0.479],[121.748,-0.407],[121.798,-0.418],[121.863,-0.407]]],[[[103.424,1.049],[103.431,0.994],[103.362,1.008],[103.316,1.072],[103.355,1.117],[103.38,1.134],[103.406,1.072],[103.424,1.049]]],[[[103.827,0.801],[103.834,0.771],[103.744,0.83],[103.74,0.872],[103.751,0.891],[103.805,0.846],[103.827,0.801]]],[[[104.241,0.834],[104.176,0.804],[104.097,0.896],[104.1,0.917],[104.108,0.933],[104.122,0.943],[104.169,0.896],[104.226,0.879],[104.241,0.834]]],[[[104.691,0.06],[104.698,0.035],[104.651,0.063],[104.622,0.08],[104.604,0.094],[104.5,0.232],[104.543,0.223],[104.658,0.103],[104.691,0.06]]],[[[106.286,3.157],[106.282,3.089],[106.214,3.129],[106.199,3.205],[106.224,3.23],[106.271,3.216],[106.286,3.157]]],[[[105.76,2.863],[105.717,2.86],[105.706,2.889],[105.71,2.94],[105.702,2.981],[105.692,3.011],[105.692,3.063],[105.731,3.037],[105.76,3.013],[105.796,2.995],[105.821,2.985],[105.836,2.976],[105.81,2.903],[105.76,2.863]]],[[[108.888,2.905],[108.838,2.853],[108.788,2.886],[108.867,2.992],[108.885,2.999],[108.888,2.905]]],[[[97.336,2.075],[97.329,2.053],[97.224,2.158],[97.109,2.218],[97.156,2.231],[97.253,2.216],[97.293,2.2],[97.329,2.148],[97.336,2.075]]],[[[95.363,5.813],[95.342,5.785],[95.284,5.799],[95.219,5.889],[95.241,5.907],[95.284,5.898],[95.36,5.877],[95.367,5.842],[95.363,5.813]]],[[[117.647,4.169],[117.745,4.167],[117.885,4.186],[117.917,4.091],[117.925,4.054],[117.737,4.004],[117.626,4.122],[117.647,4.169]]],[[[117.658,3.28],[117.647,3.247],[117.561,3.329],[117.536,3.386],[117.547,3.433],[117.637,3.436],[117.68,3.407],[117.658,3.28]]],[[[125.409,2.652],[125.398,2.629],[125.359,2.747],[125.391,2.806],[125.434,2.783],[125.445,2.763],[125.405,2.707],[125.409,2.652]]]]}},{"type":"Feature","properties":{"code":"cn"},"geometry":{"type":"MultiPolygon","coordinates":[[[[118.184,24.496],[118.148,24.437],[118.09,24.445],[118.09,24.489],[118.076,24.501],[118.094,24.541],[118.105,24.553],[118.169,24.518],[118.184,24.496]]],[[[122.295,29.964],[122.281,29.943],[122.158,30.001],[122.025,30.013],[121.978,30.063],[121.971,30.143],[122.111,30.139],[122.284,30.068],[122.324,30.032],[122.295,29.964]]],[[[122.173,29.679],[122.169,29.66],[122.083,29.724],[122.043,29.737],[122.061,29.773],[122.119,29.782],[122.165,29.7],[122.173,29.679]]],[[[122.403,29.893],[122.396,29.846],[122.367,29.853],[122.331,29.935],[122.353,29.955],[122.403,29.95],[122.403,29.893]]],[[[119.822,25.457],[119.746,25.411],[119.699,25.433],[119.699,25.496],[119.725,25.551],[119.696,25.591],[119.721,25.64],[119.779,25.654],[119.797,25.624],[119.829,25.607],[119.84,25.591],[119.84,25.56],[119.807,25.508],[119.833,25.48],[119.822,25.457]]],[[[110.386,21.093],[110.422,21.058],[110.523,21.083],[110.541,21.039],[110.537,21.018],[110.505,20.968],[110.422,21.006],[110.339,20.998],[110.282,21.001],[110.264,21.025],[110.311,21.074],[110.386,21.093]]],[[[121.251,28.086],[121.165,28.063],[121.132,28.063],[121.132,28.136],[121.204,28.204],[121.233,28.181],[121.251,28.145],[121.251,28.086]]],[[[113.554,22.805],[113.565,22.758],[113.486,22.829],[113.464,22.833],[113.425,22.859],[113.403,22.902],[113.464,22.904],[113.522,22.852],[113.554,22.805]]],[[[112.791,21.602],[112.769,21.583],[112.741,21.617],[112.733,21.669],[112.712,21.697],[112.762,21.734],[112.784,21.772],[112.838,21.765],[112.863,21.753],[112.813,21.713],[112.802,21.695],[112.791,21.602]]],[[[112.643,21.64],[112.546,21.619],[112.525,21.623],[112.561,21.675],[112.647,21.711],[112.643,21.64]]],[[[107.974,21.508],[107.909,21.56],[107.801,21.645],[107.758,21.656],[107.639,21.614],[107.47,21.598],[107.434,21.642],[107.351,21.609],[107.272,21.711],[107.178,21.716],[107.063,21.794],[107.02,21.834],[107.006,21.893],[106.97,21.925],[106.926,21.919],[106.876,21.951],[106.793,21.982],[106.728,22.001],[106.696,21.985],[106.664,21.978],[106.656,22.018],[106.66,22.136],[106.653,22.242],[106.635,22.289],[106.592,22.324],[106.552,22.341],[106.538,22.395],[106.552,22.501],[106.581,22.574],[106.635,22.586],[106.703,22.638],[106.736,22.711],[106.779,22.779],[106.624,22.874],[106.541,22.909],[106.451,22.893],[106.34,22.864],[106.278,22.857],[106.25,22.869],[106.185,22.956],[106.149,22.97],[106.07,22.975],[106.001,22.975],[105.962,22.937],[105.904,22.925],[105.843,22.923],[105.782,22.97],[105.692,23.03],[105.548,23.072],[105.53,23.122],[105.494,23.181],[105.44,23.235],[105.35,23.308],[105.274,23.345],[105.238,23.322],[105.188,23.28],[104.997,23.194],[104.91,23.161],[104.864,23.136],[104.828,23.1],[104.813,23.011],[104.795,22.911],[104.741,22.86],[104.687,22.822],[104.633,22.819],[104.579,22.82],[104.525,22.805],[104.37,22.704],[104.298,22.713],[104.237,22.768],[104.212,22.81],[104.144,22.8],[104.054,22.753],[104.014,22.666],[103.992,22.586],[103.971,22.551],[103.942,22.541],[103.913,22.537],[103.636,22.77],[103.622,22.782],[103.571,22.734],[103.524,22.612],[103.492,22.588],[103.47,22.598],[103.355,22.754],[103.326,22.77],[103.301,22.765],[103.265,22.713],[103.193,22.638],[103.139,22.593],[103.136,22.543],[103.074,22.497],[103.006,22.452],[102.981,22.449],[102.934,22.466],[102.873,22.525],[102.83,22.588],[102.722,22.649],[102.599,22.701],[102.516,22.741],[102.47,22.751],[102.426,22.734],[102.405,22.708],[102.376,22.647],[102.304,22.546],[102.236,22.466],[102.174,22.414],[102.128,22.379],[102.092,22.412],[102.023,22.438],[101.944,22.44],[101.843,22.388],[101.76,22.491],[101.739,22.496],[101.706,22.487],[101.67,22.463],[101.645,22.405],[101.62,22.327],[101.57,22.277],[101.523,22.254],[101.537,22.209],[101.562,22.162],[101.559,22.121],[101.577,22.055],[101.602,21.989],[101.699,21.883],[101.735,21.826],[101.742,21.779],[101.746,21.605],[101.742,21.534],[101.724,21.395],[101.724,21.315],[101.764,21.279],[101.804,21.235],[101.8,21.213],[101.782,21.204],[101.728,21.156],[101.706,21.15],[101.667,21.169],[101.62,21.185],[101.584,21.204],[101.541,21.234],[101.444,21.23],[101.282,21.183],[101.249,21.197],[101.224,21.223],[101.213,21.279],[101.22,21.343],[101.206,21.383],[101.174,21.407],[101.195,21.522],[101.138,21.567],[101.148,21.581],[101.127,21.706],[101.13,21.735],[101.12,21.746],[101.08,21.756],[101.019,21.737],[100.835,21.656],[100.677,21.505],[100.605,21.472],[100.533,21.458],[100.446,21.484],[100.349,21.501],[100.216,21.463],[100.148,21.48],[100.115,21.511],[100.09,21.558],[100.104,21.617],[100.097,21.661],[100.04,21.683],[99.978,21.702],[99.942,21.758],[99.924,21.82],[99.939,21.902],[99.95,21.989],[99.917,22.029],[99.824,22.05],[99.593,22.09],[99.388,22.11],[99.302,22.1],[99.233,22.11],[99.194,22.126],[99.172,22.154],[99.172,22.192],[99.204,22.282],[99.244,22.371],[99.338,22.497],[99.345,22.586],[99.338,22.688],[99.384,22.826],[99.467,22.928],[99.507,22.959],[99.496,23.004],[99.464,23.046],[99.417,23.069],[99.341,23.096],[99.219,23.103],[99.057,23.131],[98.862,23.192],[98.884,23.308],[98.884,23.381],[98.859,23.44],[98.819,23.482],[98.798,23.52],[98.834,23.624],[98.787,23.737],[98.736,23.784],[98.682,23.841],[98.675,23.905],[98.7,23.964],[98.834,24.091],[98.834,24.121],[98.801,24.119],[98.765,24.115],[98.585,24.07],[98.564,24.098],[98.499,24.115],[98.366,24.119],[98.211,24.11],[98.016,24.065],[97.836,23.987],[97.757,23.931],[97.685,23.898],[97.631,23.886],[97.563,23.911],[97.57,23.989],[97.692,24.131],[97.707,24.228],[97.671,24.313],[97.667,24.379],[97.624,24.423],[97.563,24.444],[97.53,24.492],[97.53,24.631],[97.584,24.775],[97.671,24.82],[97.725,24.843],[97.739,24.871],[97.71,24.97],[97.714,25.034],[97.768,25.159],[97.818,25.253],[97.919,25.237],[97.962,25.259],[98.009,25.292],[98.063,25.35],[98.099,25.416],[98.142,25.572],[98.171,25.595],[98.297,25.568],[98.333,25.588],[98.402,25.678],[98.466,25.789],[98.56,25.824],[98.625,25.827],[98.657,25.864],[98.654,25.917],[98.592,26.004],[98.564,26.072],[98.571,26.114],[98.664,26.14],[98.686,26.19],[98.672,26.299],[98.711,26.43],[98.733,26.584],[98.74,26.699],[98.74,26.785],[98.729,26.877],[98.715,27.044],[98.675,27.19],[98.682,27.245],[98.675,27.423],[98.65,27.572],[98.6,27.6],[98.506,27.648],[98.452,27.657],[98.409,27.64],[98.391,27.587],[98.351,27.539],[98.297,27.549],[98.276,27.6],[98.24,27.664],[98.132,27.968],[98.117,28.054],[98.099,28.143],[98.063,28.186],[98.024,28.211],[97.934,28.313],[97.887,28.357],[97.865,28.363],[97.815,28.357],[97.768,28.357],[97.728,28.407],[97.696,28.469],[97.66,28.501],[97.599,28.516],[97.538,28.511],[97.502,28.457],[97.476,28.426],[97.433,28.355],[97.358,28.254],[97.322,28.218],[97.289,28.237],[97.145,28.341],[97.077,28.369],[96.98,28.337],[96.832,28.362],[96.774,28.367],[96.652,28.45],[96.602,28.461],[96.429,28.407],[96.389,28.369],[96.368,28.367],[96.321,28.386],[96.281,28.412],[96.278,28.428],[96.328,28.469],[96.332,28.497],[96.328,28.525],[96.396,28.606],[96.58,28.764],[96.551,28.83],[96.476,28.959],[96.468,29.023],[96.436,29.051],[96.346,29.027],[96.162,28.91],[96.137,28.922],[96.141,28.964],[96.123,29.082],[96.18,29.117],[96.27,29.162],[96.339,29.211],[96.357,29.249],[96.339,29.261],[96.234,29.245],[96.195,29.273],[96.13,29.381],[96.08,29.424],[96.036,29.447],[95.885,29.391],[95.709,29.313],[95.514,29.207],[95.518,29.152],[95.493,29.138],[95.457,29.103],[95.421,29.054],[95.388,29.037],[95.352,29.035],[95.28,29.049],[95.144,29.105],[95,29.15],[94.967,29.145],[94.769,29.176],[94.762,29.202],[94.733,29.252],[94.676,29.297],[94.622,29.313],[94.467,29.216],[94.294,29.145],[94.193,29.06],[94.11,28.976],[94.017,28.959],[94.013,28.907],[93.974,28.86],[93.902,28.803],[93.761,28.73],[93.664,28.69],[93.362,28.653],[93.254,28.629],[93.207,28.591],[93.156,28.492],[93.12,28.402],[93.034,28.327],[92.883,28.228],[92.703,28.146],[92.652,28.093],[92.645,28.061],[92.667,28.049],[92.688,28.025],[92.688,27.988],[92.663,27.949],[92.548,27.879],[92.48,27.846],[92.415,27.825],[92.343,27.82],[92.271,27.83],[92.249,27.841],[92.224,27.827],[92.159,27.811],[92.102,27.808],[91.979,27.73],[91.911,27.73],[91.824,27.747],[91.713,27.759],[91.634,27.759],[91.63,27.801],[91.641,27.923],[91.605,27.952],[91.493,27.982],[91.367,28.021],[91.306,28.065],[91.274,28.079],[91.227,28.072],[91.151,28.027],[91.079,27.975],[91.022,27.969],[90.964,27.995],[90.906,28.027],[90.716,28.072],[90.629,28.079],[90.478,28.07],[90.352,28.08],[90.334,28.094],[90.334,28.119],[90.352,28.169],[90.363,28.216],[90.348,28.244],[90.222,28.278],[90.104,28.303],[89.981,28.311],[89.898,28.294],[89.815,28.256],[89.751,28.188],[89.653,28.159],[89.538,28.108],[89.481,28.06],[89.394,27.959],[89.272,27.834],[89.16,27.711],[89.103,27.593],[89.027,27.518],[88.948,27.464],[88.89,27.317],[88.833,27.364],[88.764,27.429],[88.75,27.521],[88.829,27.768],[88.847,27.869],[88.829,27.907],[88.804,28.008],[88.757,28.041],[88.62,28.093],[88.577,28.093],[88.53,28.058],[88.487,28.034],[88.426,28.011],[88.275,27.969],[88.141,27.949],[88.109,27.933],[88.098,27.905],[88.109,27.87],[88.023,27.883],[87.933,27.891],[87.861,27.886],[87.684,27.822],[87.623,27.815],[87.555,27.822],[87.465,27.824],[87.292,27.822],[87.141,27.839],[87.022,27.929],[86.935,27.968],[86.842,27.999],[86.752,28.021],[86.719,28.07],[86.691,28.094],[86.615,28.103],[86.554,28.086],[86.518,27.964],[86.485,27.94],[86.41,27.929],[86.327,27.959],[86.219,28.021],[86.176,28.091],[86.136,28.115],[86.079,28.084],[86.075,27.995],[86.064,27.935],[85.996,27.91],[85.953,27.928],[85.92,27.99],[85.841,28.136],[85.758,28.221],[85.679,28.277],[85.409,28.277],[85.211,28.292],[85.121,28.317],[85.089,28.372],[85.121,28.485],[85.161,28.572],[85.161,28.593],[85.125,28.603],[85.071,28.61],[84.855,28.554],[84.797,28.56],[84.761,28.579],[84.714,28.596],[84.678,28.622],[84.649,28.66],[84.466,28.752],[84.412,28.804],[84.311,28.869],[84.228,28.912],[84.174,29.037],[84.127,29.157],[84.102,29.219],[84.023,29.254],[83.937,29.28],[83.789,29.228],[83.67,29.188],[83.584,29.183],[83.458,29.306],[83.353,29.44],[83.235,29.554],[83.155,29.613],[83.015,29.619],[82.853,29.683],[82.641,29.83],[82.486,29.941],[82.219,30.065],[82.158,30.115],[82.137,30.158],[82.101,30.245],[82.043,30.327],[81.856,30.362],[81.643,30.388],[81.417,30.337],[81.255,30.093],[81.175,30.04],[81.111,30.037],[81.057,30.099],[81.01,30.164],[80.985,30.237],[80.873,30.29],[80.747,30.36],[80.682,30.415],[80.61,30.448],[80.542,30.464],[80.409,30.509],[80.261,30.561],[80.193,30.568],[80.185,30.605],[80.207,30.684],[80.193,30.759],[80.149,30.79],[80.081,30.782],[79.926,30.889],[79.919,30.889],[79.915,30.895],[79.872,30.924],[79.793,30.967],[79.663,30.966],[79.566,30.948],[79.494,30.993],[79.39,31.065],[79.368,31.08],[79.339,31.106],[79.231,31.242],[79.105,31.403],[79.044,31.426],[79.012,31.414],[78.972,31.329],[78.947,31.337],[78.9,31.332],[78.846,31.301],[78.792,31.294],[78.756,31.303],[78.742,31.323],[78.76,31.436],[78.727,31.473],[78.756,31.551],[78.803,31.618],[78.753,31.669],[78.695,31.74],[78.688,31.806],[78.72,31.888],[78.735,31.959],[78.724,31.983],[78.677,32.023],[78.497,32.216],[78.486,32.236],[78.454,32.301],[78.443,32.398],[78.418,32.467],[78.389,32.519],[78.393,32.545],[78.414,32.558],[78.526,32.572],[78.63,32.578],[78.702,32.598],[78.738,32.558],[78.753,32.499],[78.771,32.467],[78.839,32.412],[78.918,32.358],[78.997,32.365],[79.066,32.388],[79.127,32.476],[79.17,32.497],[79.221,32.5],[79.221,32.507],[79.217,32.565],[79.235,32.703],[79.228,32.759],[79.206,32.809],[79.21,32.865],[79.203,32.947],[79.145,33.002],[79.109,33.023],[79.102,33.052],[79.123,33.108],[79.134,33.172],[79.113,33.226],[79.066,33.25],[79.012,33.292],[78.947,33.346],[78.918,33.387],[78.864,33.431],[78.803,33.5],[78.789,33.65],[78.785,33.809],[78.763,33.887],[78.727,34.014],[78.731,34.056],[78.753,34.087],[78.933,34.189],[78.972,34.228],[78.976,34.259],[78.969,34.302],[78.936,34.353],[78.864,34.391],[78.763,34.453],[78.67,34.518],[78.515,34.558],[78.328,34.606],[78.281,34.655],[78.238,34.769],[78.159,34.946],[78.076,35.136],[78.011,35.25],[78.007,35.307],[78.047,35.45],[78.043,35.479],[78.011,35.49],[77.946,35.472],[77.896,35.45],[77.853,35.46],[77.809,35.485],[77.802,35.493],[77.799,35.497],[77.723,35.481],[77.572,35.472],[77.521,35.474],[77.446,35.476],[77.295,35.509],[77.089,35.552],[76.881,35.613],[76.765,35.662],[76.726,35.679],[76.632,35.729],[76.564,35.773],[76.553,35.887],[76.503,35.879],[76.387,35.837],[76.251,35.811],[76.179,35.811],[76.146,35.828],[76.103,35.95],[76.071,35.983],[76.009,35.997],[75.945,36.017],[75.912,36.049],[75.905,36.089],[75.934,36.134],[75.97,36.169],[75.973,36.382],[75.952,36.458],[75.934,36.521],[75.883,36.601],[75.84,36.649],[75.772,36.695],[75.667,36.741],[75.574,36.759],[75.459,36.726],[75.423,36.738],[75.376,36.884],[75.347,36.913],[75.145,36.974],[75.055,36.988],[74.947,36.969],[74.89,36.953],[74.843,36.979],[74.767,37.012],[74.692,37.037],[74.602,37.037],[74.541,37.023],[74.526,37.031],[74.497,37.057],[74.375,37.137],[74.371,37.158],[74.559,37.236],[74.67,37.267],[74.728,37.29],[74.739,37.287],[74.767,37.248],[74.839,37.226],[74.89,37.231],[74.919,37.25],[75.009,37.293],[75.081,37.344],[75.12,37.385],[75.099,37.451],[74.987,37.53],[74.915,37.573],[74.893,37.601],[74.911,37.688],[74.937,37.773],[74.922,37.806],[74.901,37.833],[74.89,37.925],[74.843,38.038],[74.789,38.104],[74.775,38.193],[74.771,38.274],[74.836,38.404],[74.811,38.46],[74.746,38.51],[74.515,38.601],[74.278,38.66],[74.188,38.658],[74.13,38.661],[74.065,38.609],[74.026,38.54],[73.972,38.533],[73.871,38.562],[73.803,38.608],[73.756,38.7],[73.716,38.818],[73.695,38.854],[73.705,38.885],[73.731,38.915],[73.795,38.941],[73.806,38.969],[73.795,39.002],[73.745,39.045],[73.691,39.104],[73.608,39.229],[73.623,39.299],[73.637,39.397],[73.633,39.45],[73.716,39.462],[73.824,39.489],[73.875,39.533],[73.907,39.578],[73.914,39.606],[73.882,39.715],[73.839,39.762],[73.835,39.8],[73.857,39.828],[73.885,39.878],[73.939,39.979],[73.993,40.043],[74.022,40.059],[74.087,40.075],[74.242,40.092],[74.411,40.137],[74.613,40.272],[74.681,40.311],[74.767,40.33],[74.832,40.328],[74.843,40.345],[74.8,40.429],[74.811,40.458],[74.836,40.482],[74.865,40.493],[75.005,40.45],[75.113,40.455],[75.243,40.481],[75.52,40.628],[75.556,40.625],[75.585,40.606],[75.617,40.517],[75.657,40.33],[75.678,40.305],[75.873,40.304],[76.006,40.371],[76.063,40.387],[76.157,40.377],[76.207,40.408],[76.258,40.43],[76.319,40.352],[76.398,40.39],[76.481,40.45],[76.521,40.512],[76.578,40.578],[76.621,40.663],[76.639,40.743],[76.661,40.779],[76.708,40.818],[76.823,40.982],[76.909,41.024],[76.985,41.04],[77.183,41.01],[77.284,41.014],[77.583,40.993],[77.719,41.024],[77.817,41.055],[77.957,41.05],[78.123,41.076],[78.346,41.281],[78.349,41.324],[78.364,41.371],[78.443,41.418],[78.544,41.46],[78.742,41.561],[79.149,41.719],[79.293,41.783],[79.354,41.781],[79.505,41.821],[79.768,41.899],[79.84,41.996],[79.908,42.015],[80.218,42.033],[80.236,42.043],[80.247,42.061],[80.229,42.13],[80.211,42.191],[80.232,42.208],[80.257,42.236],[80.254,42.274],[80.207,42.399],[80.178,42.519],[80.16,42.625],[80.164,42.666],[80.203,42.734],[80.25,42.797],[80.423,42.856],[80.538,42.873],[80.545,42.911],[80.452,42.935],[80.383,42.974],[80.373,42.996],[80.376,43.021],[80.391,43.043],[80.506,43.086],[80.617,43.128],[80.751,43.102],[80.779,43.119],[80.787,43.161],[80.758,43.205],[80.729,43.274],[80.668,43.31],[80.664,43.354],[80.704,43.427],[80.65,43.564],[80.592,43.685],[80.495,43.892],[80.43,43.951],[80.394,44.047],[80.355,44.097],[80.358,44.171],[80.365,44.224],[80.355,44.326],[80.337,44.439],[80.355,44.552],[80.391,44.626],[80.38,44.656],[80.401,44.677],[80.455,44.684],[80.481,44.715],[80.455,44.746],[80.362,44.77],[80.254,44.809],[80.128,44.803],[79.998,44.796],[79.933,44.826],[79.876,44.861],[79.872,44.883],[79.951,44.944],[80.059,45.007],[80.229,45.034],[80.416,45.076],[80.509,45.105],[80.635,45.126],[80.779,45.135],[80.855,45.13],[81.039,45.17],[81.334,45.246],[81.604,45.31],[81.69,45.349],[81.759,45.31],[81.791,45.225],[81.867,45.182],[81.946,45.161],[81.989,45.161],[82.122,45.196],[82.266,45.218],[82.324,45.206],[82.396,45.163],[82.479,45.123],[82.522,45.126],[82.558,45.156],[82.597,45.217],[82.623,45.293],[82.626,45.375],[82.612,45.425],[82.583,45.442],[82.453,45.472],[82.327,45.52],[82.313,45.564],[82.317,45.595],[82.349,45.671],[82.428,45.812],[82.511,46.006],[82.554,46.159],[82.691,46.387],[82.799,46.624],[82.975,46.966],[83.004,47.034],[83.019,47.142],[83.029,47.185],[83.091,47.21],[83.191,47.187],[83.443,47.109],[83.634,47.043],[83.713,47.02],[83.832,46.998],[84.016,46.97],[84.124,46.979],[84.214,46.994],[84.34,46.996],[84.531,46.975],[84.592,46.975],[84.667,46.972],[84.718,46.939],[84.747,46.864],[84.786,46.831],[84.858,46.843],[85.013,46.909],[85.11,46.961],[85.233,47.036],[85.355,47.046],[85.485,47.064],[85.531,47.1],[85.578,47.189],[85.657,47.255],[85.668,47.338],[85.643,47.397],[85.585,47.494],[85.589,47.558],[85.56,47.746],[85.524,47.916],[85.564,48.051],[85.625,48.204],[85.65,48.251],[85.693,48.312],[85.751,48.385],[85.83,48.407],[86.057,48.423],[86.266,48.454],[86.374,48.485],[86.482,48.505],[86.55,48.529],[86.665,48.635],[86.719,48.697],[86.759,48.86],[86.73,48.939],[86.752,49.008],[86.809,49.05],[86.885,49.091],[86.939,49.098],[87.047,49.11],[87.231,49.105],[87.324,49.086],[87.418,49.077],[87.475,49.091],[87.515,49.123],[87.576,49.133],[87.67,49.147],[87.763,49.166],[87.814,49.163],[87.825,49.116],[87.817,49.081],[87.835,49.032],[87.871,48.999],[87.861,48.966],[87.807,48.946],[87.756,48.918],[87.742,48.881],[87.81,48.836],[87.832,48.791],[87.943,48.765],[88.026,48.735],[88.059,48.708],[88.051,48.675],[88.012,48.64],[87.972,48.604],[87.969,48.581],[87.979,48.555],[88.062,48.538],[88.159,48.51],[88.311,48.472],[88.415,48.404],[88.516,48.385],[88.566,48.317],[88.577,48.22],[88.681,48.171],[88.84,48.102],[88.919,48.09],[88.969,48.05],[89.049,48.003],[89.117,47.987],[89.196,47.98],[89.329,48.025],[89.481,48.029],[89.56,48.005],[89.639,47.909],[89.693,47.88],[89.725,47.852],[89.779,47.828],[89.83,47.824],[89.909,47.845],[89.959,47.887],[90.028,47.878],[90.053,47.85],[90.068,47.803],[90.104,47.746],[90.19,47.703],[90.312,47.676],[90.33,47.656],[90.348,47.597],[90.381,47.557],[90.424,47.505],[90.467,47.407],[90.478,47.329],[90.496,47.286],[90.554,47.215],[90.644,47.1],[90.716,47.005],[90.798,46.986],[90.87,46.954],[90.91,46.883],[90.986,46.749],[90.996,46.661],[91.004,46.595],[91.029,46.565],[91.032,46.529],[90.971,46.388],[90.917,46.324],[90.91,46.27],[90.946,46.177],[90.996,46.105],[91.004,46.036],[90.96,45.986],[90.888,45.921],[90.852,45.885],[90.795,45.854],[90.708,45.73],[90.672,45.595],[90.662,45.526],[90.694,45.475],[90.748,45.42],[90.762,45.371],[90.852,45.263],[90.878,45.196],[90.914,45.194],[90.953,45.217],[91.05,45.217],[91.137,45.194],[91.223,45.145],[91.313,45.118],[91.443,45.125],[91.511,45.099],[91.583,45.076],[91.738,45.069],[91.853,45.069],[92.03,45.069],[92.174,45.036],[92.426,45.008],[92.58,45.012],[92.789,45.036],[92.915,45.02],[93.293,44.984],[93.516,44.944],[93.657,44.901],[93.754,44.831],[93.869,44.724],[93.959,44.675],[94.2,44.645],[94.366,44.519],[94.496,44.472],[94.712,44.35],[94.866,44.303],[95.05,44.26],[95.349,44.277],[95.367,44.262],[95.345,44.196],[95.327,44.106],[95.327,44.04],[95.356,44.007],[95.471,43.986],[95.525,43.954],[95.568,43.892],[95.59,43.854],[95.687,43.665],[95.842,43.383],[95.86,43.276],[95.914,43.206],[96.08,43.097],[96.17,43.015],[96.299,42.929],[96.342,42.849],[96.353,42.746],[96.386,42.72],[96.627,42.745],[96.832,42.76],[97.206,42.79],[97.718,42.736],[98.247,42.684],[98.715,42.639],[98.945,42.616],[99.467,42.567],[99.759,42.63],[99.982,42.677],[100.086,42.672],[100.518,42.616],[100.774,42.588],[101.091,42.552],[101.314,42.538],[101.494,42.538],[101.58,42.524],[101.66,42.5],[101.714,42.465],[101.879,42.293],[101.973,42.215],[102.156,42.158],[102.574,42.092],[102.808,42.052],[103.074,42.007],[103.247,41.937],[103.449,41.856],[103.712,41.752],[103.996,41.797],[104.306,41.847],[104.496,41.877],[104.496,41.66],[104.774,41.64],[104.86,41.644],[104.982,41.595],[105.051,41.616],[105.116,41.663],[105.198,41.738],[105.314,41.771],[105.519,41.854],[105.566,41.875],[105.868,41.995],[106.318,42.14],[106.52,42.212],[106.581,42.227],[106.692,42.264],[106.772,42.288],[106.905,42.309],[107.092,42.321],[107.294,42.349],[107.747,42.401],[107.805,42.406],[108.064,42.427],[108.172,42.448],[108.334,42.437],[108.546,42.429],[108.687,42.416],[108.874,42.427],[109.133,42.441],[109.338,42.439],[109.443,42.456],[109.594,42.51],[109.698,42.554],[109.86,42.606],[110.059,42.661],[110.195,42.71],[110.289,42.743],[110.401,42.774],[110.429,42.814],[110.462,42.843],[110.519,42.896],[110.627,42.991],[110.71,43.074],[110.75,43.111],[110.84,43.194],[110.912,43.257],[111.009,43.342],[111.088,43.369],[111.185,43.392],[111.452,43.475],[111.502,43.493],[111.549,43.496],[111.643,43.564],[111.718,43.621],[111.772,43.665],[111.877,43.68],[111.934,43.711],[111.941,43.753],[111.931,43.816],[111.88,43.878],[111.837,43.935],[111.682,44.041],[111.603,44.107],[111.52,44.192],[111.488,44.272],[111.43,44.323],[111.401,44.368],[111.412,44.42],[111.488,44.512],[111.517,44.569],[111.549,44.673],[111.621,44.828],[111.682,44.899],[111.751,44.97],[111.898,45.064],[112.031,45.081],[112.114,45.064],[112.291,45.064],[112.413,45.059],[112.499,45.012],[112.597,44.918],[112.708,44.883],[113.05,44.81],[113.198,44.795],[113.302,44.791],[113.457,44.767],[113.507,44.762],[113.587,44.746],[113.651,44.763],[113.752,44.826],[113.878,44.895],[113.932,44.913],[114.029,44.942],[114.08,44.972],[114.166,45.05],[114.281,45.111],[114.418,45.203],[114.487,45.272],[114.501,45.316],[114.519,45.364],[114.559,45.39],[114.645,45.413],[114.739,45.42],[114.919,45.378],[115.163,45.39],[115.217,45.395],[115.441,45.42],[115.538,45.439],[115.682,45.458],[115.79,45.534],[115.934,45.626],[116.038,45.677],[116.11,45.687],[116.197,45.739],[116.24,45.796],[116.229,45.845],[116.215,45.887],[116.265,45.963],[116.359,46.097],[116.445,46.159],[116.517,46.21],[116.564,46.289],[116.618,46.314],[116.69,46.322],[116.787,46.376],[116.859,46.388],[116.978,46.362],[117.154,46.355],[117.269,46.352],[117.334,46.362],[117.356,46.392],[117.356,46.437],[117.392,46.538],[117.406,46.571],[117.439,46.586],[117.547,46.588],[117.622,46.552],[117.673,46.522],[117.741,46.519],[117.813,46.538],[117.91,46.619],[118.072,46.666],[118.159,46.678],[118.31,46.716],[118.403,46.703],[118.58,46.692],[118.648,46.701],[118.724,46.692],[118.789,46.748],[118.843,46.76],[118.958,46.736],[119.03,46.692],[119.163,46.638],[119.332,46.614],[119.473,46.626],[119.62,46.604],[119.707,46.605],[119.746,46.628],[119.869,46.671],[119.897,46.732],[119.883,46.791],[119.897,46.857],[119.861,46.907],[119.789,46.979],[119.761,47.027],[119.757,47.09],[119.71,47.15],[119.599,47.222],[119.527,47.256],[119.375,47.381],[119.325,47.411],[119.307,47.43],[119.293,47.473],[119.235,47.492],[119.163,47.525],[119.123,47.558],[119.098,47.616],[119.08,47.654],[119.019,47.685],[118.954,47.703],[118.879,47.725],[118.76,47.758],[118.691,47.822],[118.569,47.944],[118.497,47.984],[118.241,47.999],[118.148,48.029],[118.043,48.018],[117.979,47.999],[117.842,47.999],[117.77,47.987],[117.676,47.909],[117.554,47.805],[117.457,47.741],[117.385,47.676],[117.352,47.652],[117.287,47.666],[117.197,47.741],[117.071,47.807],[116.953,47.836],[116.902,47.854],[116.762,47.869],[116.65,47.864],[116.513,47.84],[116.377,47.845],[116.319,47.861],[116.233,47.859],[116.074,47.789],[115.995,47.711],[115.898,47.687],[115.811,47.739],[115.711,47.8],[115.617,47.874],[115.559,47.946],[115.523,48.131],[115.639,48.187],[115.786,48.248],[115.797,48.347],[115.793,48.456],[115.822,48.577],[115.955,48.689],[116.024,48.782],[116.035,48.84],[116.099,48.937],[116.161,49.038],[116.243,49.171],[116.402,49.406],[116.589,49.685],[116.683,49.824],[116.888,49.737],[117.021,49.694],[117.244,49.624],[117.478,49.609],[117.698,49.536],[117.813,49.513],[117.874,49.513],[118.187,49.692],[118.45,49.845],[118.756,49.963],[118.979,49.978],[119.149,50.013],[119.26,50.067],[119.325,50.156],[119.347,50.279],[119.3,50.353],[119.192,50.379],[119.163,50.405],[119.217,50.433],[119.257,50.484],[119.282,50.562],[119.343,50.635],[119.447,50.702],[119.501,50.779],[119.512,50.864],[119.573,50.947],[119.685,51.03],[119.746,51.109],[119.757,51.18],[119.815,51.267],[119.966,51.423],[120.067,51.6],[120.236,51.723],[120.509,51.848],[120.682,51.973],[120.751,52.096],[120.743,52.206],[120.664,52.299],[120.65,52.397],[120.7,52.494],[120.657,52.567],[120.52,52.615],[120.362,52.628],[120.171,52.603],[120.067,52.633],[120.045,52.718],[120.095,52.787],[120.218,52.839],[120.423,52.968],[120.704,53.173],[120.985,53.284],[121.406,53.317],[121.744,53.383],[122.09,53.452],[122.338,53.485],[122.381,53.463],[122.515,53.457],[122.745,53.468],[122.957,53.497],[123.155,53.544],[123.31,53.556],[123.425,53.53],[123.49,53.53],[123.533,53.527],[123.559,53.527],[123.609,53.546],[123.742,53.511],[123.994,53.405],[124.153,53.358],[124.221,53.371],[124.293,53.341],[124.369,53.272],[124.466,53.23],[124.639,53.211],[124.811,53.134],[124.883,53.129],[124.905,53.173],[124.97,53.197],[125.074,53.204],[125.225,53.166],[125.423,53.084],[125.546,53.048],[125.596,53.058],[125.65,53.042],[125.693,53.004],[125.697,52.956],[125.679,52.931],[125.729,52.891],[125.783,52.891],[125.873,52.872],[125.942,52.801],[126.003,52.768],[126.05,52.739],[126.057,52.716],[126.061,52.692],[126.046,52.673],[126.025,52.643],[126.017,52.61],[126.046,52.574],[126.158,52.546],[126.194,52.52],[126.205,52.483],[126.237,52.445],[126.313,52.4],[126.341,52.362],[126.323,52.332],[126.345,52.306],[126.385,52.287],[126.392,52.214],[126.395,52.173],[126.457,52.126],[126.467,52.032],[126.511,51.926],[126.655,51.782],[126.701,51.702],[126.687,51.61],[126.709,51.567],[126.773,51.544],[126.806,51.506],[126.802,51.449],[126.827,51.412],[126.849,51.374],[126.835,51.315],[126.853,51.261],[126.889,51.23],[126.91,51.173],[126.925,51.1],[127.022,50.985],[127.198,50.829],[127.306,50.708],[127.346,50.621],[127.346,50.55],[127.31,50.494],[127.306,50.454],[127.342,50.428],[127.349,50.393],[127.339,50.35],[127.396,50.298],[127.591,50.209],[127.511,50.072],[127.493,49.975],[127.501,49.874],[127.551,49.801],[127.637,49.76],[127.691,49.716],[127.709,49.671],[127.814,49.623],[128.001,49.569],[128.239,49.56],[128.527,49.595],[128.703,49.6],[128.768,49.577],[128.789,49.543],[128.771,49.494],[128.818,49.465],[128.937,49.449],[129.02,49.419],[129.067,49.374],[129.121,49.362],[129.185,49.381],[129.247,49.38],[129.311,49.353],[129.351,49.362],[129.383,49.39],[129.441,49.39],[129.499,49.388],[129.535,49.324],[129.592,49.288],[129.671,49.279],[129.794,49.199],[130.039,48.972],[130.197,48.892],[130.356,48.866],[130.554,48.86],[130.618,48.774],[130.564,48.68],[130.554,48.602],[130.597,48.574],[130.658,48.484],[130.748,48.43],[130.762,48.388],[130.806,48.341],[130.788,48.255],[130.712,48.128],[130.734,48.018],[130.849,47.93],[130.917,47.843],[130.932,47.76],[130.96,47.709],[131.004,47.692],[131.122,47.697],[131.32,47.729],[131.464,47.723],[131.558,47.682],[131.785,47.68],[132.148,47.718],[132.379,47.73],[132.476,47.715],[132.562,47.768],[132.638,47.89],[132.706,47.947],[132.771,47.94],[132.876,47.979],[133.02,48.064],[133.146,48.105],[133.3,48.102],[133.47,48.097],[133.574,48.133],[133.671,48.208],[133.844,48.274],[134.208,48.36],[134.294,48.373],[134.334,48.369],[134.456,48.355],[134.564,48.322],[134.665,48.255],[134.679,48.211],[134.668,48.154],[134.647,48.121],[134.607,48.083],[134.568,48.022],[134.593,47.975],[134.65,47.874],[134.697,47.801],[134.751,47.715],[134.73,47.685],[134.697,47.624],[134.596,47.524],[134.542,47.486],[134.485,47.447],[134.384,47.439],[134.341,47.43],[134.29,47.414],[134.262,47.378],[134.226,47.352],[134.168,47.302],[134.164,47.258],[134.19,47.194],[134.204,47.128],[134.136,47.069],[134.085,46.979],[134.071,46.951],[134.046,46.881],[134.038,46.859],[134.024,46.713],[133.959,46.614],[133.866,46.499],[133.887,46.43],[133.902,46.368],[133.88,46.336],[133.876,46.309],[133.862,46.248],[133.833,46.223],[133.75,46.185],[133.7,46.14],[133.711,46.069],[133.686,46.008],[133.65,45.954],[133.606,45.92],[133.552,45.897],[133.513,45.878],[133.484,45.81],[133.477,45.758],[133.448,45.704],[133.466,45.651],[133.437,45.605],[133.354,45.572],[133.311,45.553],[133.268,45.545],[133.185,45.494],[133.113,45.321],[133.095,45.22],[133.113,45.132],[133.012,45.074],[132.937,45.029],[132.89,45.046],[132.84,45.06],[132.724,45.081],[132.667,45.093],[132.548,45.123],[132.364,45.159],[132.181,45.203],[132.069,45.225],[131.979,45.244],[131.911,45.274],[131.853,45.328],[131.796,45.305],[131.742,45.243],[131.655,45.206],[131.616,45.137],[131.58,45.083],[131.486,45.013],[131.446,44.984],[131.27,44.935],[131.227,44.92],[131.083,44.909],[131.032,44.888],[130.982,44.845],[130.968,44.8],[131.004,44.753],[131.061,44.659],[131.086,44.595],[131.126,44.468],[131.256,44.071],[131.212,44.003],[131.173,43.705],[131.184,43.651],[131.18,43.567],[131.184,43.505],[131.209,43.491],[131.245,43.468],[131.263,43.434],[131.259,43.378],[131.241,43.338],[131.212,43.258],[131.176,43.142],[131.137,43.097],[131.108,43.062],[131.086,43.038],[131.083,42.956],[131.068,42.902],[131.007,42.883],[130.942,42.852],[130.87,42.863],[130.802,42.857],[130.723,42.837],[130.579,42.812],[130.492,42.779],[130.453,42.755],[130.424,42.727],[130.42,42.699],[130.438,42.685],[130.521,42.675],[130.575,42.623],[130.586,42.567],[130.528,42.536],[130.5,42.571],[130.449,42.581],[130.359,42.632],[130.294,42.685],[130.248,42.745],[130.248,42.873],[130.24,42.892],[130.15,42.918],[130.125,42.956],[130.082,42.974],[130.021,42.963],[129.977,42.975],[129.941,42.996],[129.898,42.998],[129.862,42.965],[129.841,42.894],[129.779,42.776],[129.772,42.706],[129.747,42.604],[129.718,42.475],[129.697,42.448],[129.628,42.444],[129.603,42.435],[129.567,42.392],[129.524,42.385],[129.484,42.409],[129.423,42.435],[129.365,42.439],[129.315,42.413],[129.254,42.357],[129.218,42.312],[129.207,42.271],[129.196,42.218],[129.135,42.168],[129.077,42.142],[128.962,42.069],[128.923,42.038],[128.84,42.038],[128.75,42.041],[128.627,42.021],[128.426,42.01],[128.307,42.026],[128.159,42.012],[128.044,41.988],[128.03,41.951],[128.033,41.899],[128.055,41.864],[128.084,41.84],[128.131,41.769],[128.181,41.699],[128.257,41.656],[128.289,41.607],[128.293,41.562],[128.257,41.507],[128.199,41.434],[128.149,41.387],[128.113,41.389],[128.051,41.416],[128.012,41.449],[127.918,41.462],[127.688,41.441],[127.573,41.455],[127.519,41.482],[127.421,41.484],[127.27,41.521],[127.18,41.531],[127.137,41.555],[127.13,41.607],[127.087,41.644],[127.061,41.687],[127.007,41.743],[126.953,41.769],[126.903,41.781],[126.845,41.748],[126.788,41.719],[126.745,41.725],[126.723,41.717],[126.698,41.692],[126.601,41.64],[126.579,41.594],[126.539,41.496],[126.514,41.394],[126.489,41.357],[126.453,41.352],[126.413,41.321],[126.327,41.226],[126.255,41.137],[126.143,41.078],[126.093,41.024],[126.068,40.974],[125.989,40.904],[125.873,40.892],[125.783,40.871],[125.729,40.866],[125.69,40.838],[125.657,40.797],[125.647,40.779],[125.593,40.779],[125.542,40.743],[125.416,40.66],[125.315,40.644],[125.186,40.59],[125.074,40.547],[125.027,40.524],[125.013,40.498],[124.999,40.465],[124.941,40.458],[124.891,40.46],[124.772,40.384],[124.711,40.319],[124.48,40.182],[124.387,40.104],[124.361,40.003],[124.351,40.012],[124.268,39.923],[124.106,39.84],[123.76,39.823],[123.652,39.882],[123.613,39.84],[123.58,39.786],[123.49,39.767],[123.35,39.764],[123.271,39.727],[123.227,39.687],[123.033,39.674],[122.961,39.62],[122.839,39.601],[122.335,39.366],[122.227,39.267],[122.122,39.153],[122.047,39.094],[121.982,39.054],[121.924,39.036],[121.863,38.996],[121.805,38.991],[121.744,39.01],[121.676,39.003],[121.633,38.955],[121.669,38.892],[121.651,38.865],[121.517,38.832],[121.319,38.809],[121.237,38.767],[121.208,38.743],[121.165,38.731],[121.121,38.812],[121.107,38.92],[121.19,38.946],[121.262,38.96],[121.679,39.109],[121.629,39.22],[121.665,39.269],[121.759,39.347],[121.82,39.387],[121.784,39.401],[121.514,39.375],[121.355,39.377],[121.276,39.385],[121.301,39.453],[121.287,39.519],[121.269,39.545],[121.406,39.621],[121.471,39.641],[121.517,39.639],[121.514,39.686],[121.474,39.755],[121.517,39.845],[121.802,39.951],[121.87,40.047],[121.982,40.135],[122.191,40.357],[122.205,40.396],[122.263,40.5],[122.273,40.542],[122.18,40.602],[122.14,40.687],[121.859,40.842],[121.834,40.974],[121.809,40.969],[121.766,40.877],[121.73,40.845],[121.6,40.844],[121.535,40.878],[121.175,40.901],[121.085,40.842],[121.003,40.75],[120.923,40.684],[120.841,40.649],[120.772,40.588],[120.481,40.231],[120.369,40.203],[119.851,39.988],[119.591,39.903],[119.39,39.752],[119.321,39.661],[119.26,39.561],[119.224,39.408],[119.041,39.222],[118.976,39.182],[118.911,39.167],[118.828,39.172],[118.753,39.16],[118.627,39.177],[118.472,39.118],[118.299,39.068],[118.148,39.194],[118.04,39.227],[117.867,39.191],[117.784,39.134],[117.615,38.852],[117.554,38.691],[117.557,38.625],[117.655,38.424],[117.766,38.312],[118.015,38.184],[118.544,38.095],[118.666,38.127],[118.799,38.127],[118.94,38.043],[119.026,37.905],[119.037,37.809],[119.037,37.776],[119.069,37.748],[119.087,37.701],[119.033,37.661],[118.99,37.641],[118.954,37.495],[118.954,37.332],[118.997,37.278],[119.113,37.201],[119.289,37.139],[119.451,37.125],[119.761,37.155],[119.887,37.254],[119.879,37.295],[119.883,37.351],[120.157,37.495],[120.311,37.623],[120.286,37.656],[120.257,37.679],[120.286,37.693],[120.369,37.701],[120.751,37.833],[121.049,37.726],[121.219,37.601],[121.388,37.578],[121.507,37.516],[121.64,37.46],[121.816,37.457],[121.964,37.444],[122.011,37.497],[122.057,37.53],[122.108,37.523],[122.169,37.457],[122.338,37.405],[122.493,37.408],[122.601,37.427],[122.666,37.403],[122.572,37.318],[122.587,37.181],[122.515,37.137],[122.446,37.068],[122.486,37.023],[122.522,37.002],[122.518,36.946],[122.457,36.915],[122.342,36.832],[122.273,36.833],[122.241,36.849],[122.219,36.88],[122.205,36.927],[122.162,36.958],[122.05,36.971],[121.931,36.96],[121.669,36.837],[121.413,36.738],[121.143,36.66],[121.053,36.611],[120.988,36.597],[120.88,36.636],[120.812,36.632],[120.797,36.608],[120.884,36.538],[120.905,36.484],[120.895,36.445],[120.848,36.425],[120.776,36.457],[120.711,36.413],[120.682,36.34],[120.682,36.169],[120.639,36.13],[120.52,36.109],[120.394,36.054],[120.347,36.08],[120.329,36.109],[120.344,36.189],[120.329,36.228],[120.272,36.226],[120.182,36.203],[120.117,36.149],[120.095,36.118],[120.182,36.017],[120.265,36.007],[120.286,35.985],[120.218,35.934],[120.056,35.861],[120.027,35.799],[119.98,35.74],[119.912,35.693],[119.865,35.644],[119.811,35.618],[119.721,35.589],[119.609,35.471],[119.527,35.358],[119.429,35.302],[119.354,35.113],[119.217,35.012],[119.167,34.849],[119.203,34.748],[119.35,34.75],[119.426,34.714],[119.584,34.582],[119.771,34.497],[119.962,34.448],[120.2,34.325],[120.268,34.275],[120.322,34.169],[120.427,33.867],[120.499,33.717],[120.506,33.637],[120.617,33.49],[120.736,33.236],[120.869,33.016],[120.898,32.844],[120.851,32.764],[120.855,32.662],[120.988,32.566],[121.294,32.457],[121.341,32.426],[121.402,32.372],[121.402,32.207],[121.449,32.153],[121.492,32.122],[121.676,32.051],[121.751,31.993],[121.834,31.9],[121.856,31.816],[121.867,31.704],[121.762,31.7],[121.679,31.712],[121.352,31.858],[121.265,31.863],[121.147,31.842],[120.974,31.87],[120.79,32.032],[120.661,32.08],[120.52,32.106],[120.185,31.966],[120.099,31.976],[120.074,31.96],[120.034,31.936],[120.193,31.907],[120.347,31.952],[120.499,32.019],[120.715,31.983],[120.751,31.922],[120.787,31.82],[120.938,31.75],[121.057,31.719],[121.204,31.629],[121.352,31.485],[121.661,31.32],[121.787,31.164],[121.834,31.061],[121.877,30.917],[121.769,30.87],[121.676,30.863],[121.528,30.841],[121.42,30.79],[121.309,30.7],[120.999,30.558],[120.938,30.469],[120.898,30.393],[120.823,30.355],[120.628,30.391],[120.448,30.388],[120.247,30.283],[120.196,30.242],[120.229,30.249],[120.261,30.263],[120.351,30.247],[120.495,30.303],[120.632,30.132],[120.905,30.16],[121.161,30.303],[121.258,30.304],[121.341,30.282],[121.431,30.226],[121.679,29.98],[121.813,29.952],[121.946,29.895],[122.018,29.888],[122.083,29.87],[121.906,29.78],[121.676,29.584],[121.575,29.537],[121.507,29.485],[121.69,29.511],[121.823,29.605],[121.888,29.627],[121.942,29.606],[121.967,29.49],[121.917,29.134],[121.852,29.129],[121.791,29.226],[121.719,29.256],[121.654,29.237],[121.535,29.237],[121.489,29.193],[121.449,29.131],[121.521,29.119],[121.665,29.011],[121.679,28.954],[121.64,28.916],[121.539,28.931],[121.661,28.851],[121.629,28.768],[121.589,28.735],[121.517,28.714],[121.474,28.641],[121.539,28.521],[121.604,28.367],[121.611,28.292],[121.51,28.324],[121.355,28.23],[121.273,28.223],[121.215,28.346],[121.147,28.327],[121.1,28.291],[121.035,28.157],[120.959,28.037],[120.891,28.004],[120.812,28.013],[120.747,28.009],[120.765,27.978],[120.833,27.938],[120.833,27.891],[120.686,27.745],[120.661,27.688],[120.664,27.64],[120.589,27.581],[120.628,27.482],[120.607,27.412],[120.538,27.318],[120.47,27.256],[120.383,27.155],[120.279,27.098],[120.139,26.886],[120.099,26.78],[120.088,26.671],[120.041,26.634],[119.969,26.586],[119.883,26.61],[119.879,26.683],[119.843,26.69],[119.822,26.737],[119.815,26.798],[119.825,26.846],[119.789,26.832],[119.768,26.775],[119.71,26.728],[119.653,26.747],[119.588,26.785],[119.591,26.73],[119.624,26.676],[119.638,26.621],[119.725,26.61],[119.786,26.546],[119.833,26.45],[119.84,26.414],[119.876,26.371],[119.879,26.334],[119.797,26.299],[119.692,26.237],[119.566,26.127],[119.462,26.055],[119.368,26.055],[119.314,26.063],[119.231,26.105],[119.138,26.122],[119.264,25.975],[119.332,25.949],[119.419,25.954],[119.501,26.009],[119.62,26.004],[119.649,25.919],[119.617,25.824],[119.552,25.699],[119.541,25.591],[119.62,25.438],[119.624,25.391],[119.591,25.369],[119.498,25.409],[119.422,25.459],[119.343,25.447],[119.264,25.468],[119.181,25.45],[119.145,25.414],[119.17,25.355],[119.242,25.306],[119.285,25.232],[119.235,25.206],[119.026,25.223],[118.976,25.209],[118.915,25.128],[118.954,25.004],[118.907,24.93],[118.821,24.911],[118.706,24.85],[118.637,24.836],[118.641,24.81],[118.691,24.782],[118.72,24.746],[118.655,24.621],[118.562,24.581],[118.411,24.602],[118.295,24.572],[118.195,24.626],[118.087,24.628],[118.015,24.56],[118.007,24.482],[117.935,24.475],[117.896,24.48],[117.842,24.475],[117.849,24.433],[117.878,24.397],[118.025,24.379],[118.051,24.327],[118.058,24.246],[117.903,24.107],[117.838,24.013],[117.741,24.015],[117.669,23.94],[117.629,23.836],[117.579,23.857],[117.467,23.841],[117.431,23.793],[117.46,23.772],[117.464,23.737],[117.417,23.621],[117.367,23.589],[117.345,23.636],[117.331,23.709],[117.291,23.714],[117.226,23.647],[117.147,23.598],[117.082,23.579],[117.032,23.624],[116.909,23.647],[116.863,23.452],[116.758,23.383],[116.711,23.36],[116.629,23.353],[116.683,23.327],[116.701,23.277],[116.668,23.228],[116.585,23.218],[116.539,23.18],[116.521,23.006],[116.47,22.945],[116.344,22.942],[116.251,22.982],[116.222,22.949],[116.207,22.919],[116.157,22.888],[116.063,22.879],[115.851,22.801],[115.757,22.824],[115.642,22.853],[115.559,22.824],[115.534,22.765],[115.498,22.72],[115.383,22.72],[115.289,22.775],[115.196,22.817],[115.091,22.782],[115.012,22.709],[114.915,22.685],[114.897,22.64],[114.854,22.617],[114.749,22.626],[114.71,22.739],[114.652,22.754],[114.595,22.699],[114.573,22.654],[114.544,22.621],[114.555,22.529],[114.497,22.527],[114.422,22.583],[114.339,22.593],[114.267,22.541],[114.227,22.555],[114.188,22.565],[114.123,22.565],[114.098,22.551],[114.051,22.543],[114.019,22.515],[114.015,22.511],[113.932,22.53],[113.828,22.607],[113.756,22.734],[113.662,22.801],[113.619,22.862],[113.605,22.97],[113.587,23.02],[113.594,23.077],[113.619,23.128],[113.518,23.102],[113.446,23.055],[113.461,22.996],[113.443,22.94],[113.331,22.912],[113.338,22.888],[113.345,22.864],[113.432,22.789],[113.45,22.727],[113.486,22.692],[113.554,22.595],[113.551,22.404],[113.59,22.35],[113.576,22.298],[113.551,22.225],[113.547,22.225],[113.525,22.246],[113.493,22.242],[113.482,22.218],[113.479,22.195],[113.475,22.194],[113.417,22.178],[113.367,22.164],[113.327,22.145],[113.266,22.09],[113.147,22.076],[113.09,22.208],[113.007,22.119],[112.985,21.939],[112.953,21.907],[112.903,21.881],[112.809,21.945],[112.726,21.902],[112.661,21.859],[112.633,21.82],[112.586,21.777],[112.496,21.819],[112.42,21.881],[112.438,21.928],[112.431,21.958],[112.395,21.982],[112.359,21.978],[112.377,21.918],[112.391,21.801],[112.355,21.768],[112.305,21.742],[112.193,21.763],[112.118,21.807],[112.024,21.843],[111.945,21.85],[111.927,21.777],[111.873,21.716],[111.826,21.709],[111.776,21.72],[111.711,21.656],[111.682,21.609],[111.603,21.558],[111.394,21.536],[111.319,21.485],[111.221,21.494],[111.146,21.482],[111.099,21.485],[111.063,21.511],[111.016,21.511],[110.998,21.43],[110.879,21.395],[110.771,21.386],[110.653,21.279],[110.566,21.215],[110.505,21.208],[110.458,21.23],[110.433,21.327],[110.411,21.338],[110.397,21.248],[110.375,21.173],[110.332,21.131],[110.195,21.038],[110.156,20.944],[110.181,20.859],[110.365,20.838],[110.39,20.791],[110.372,20.753],[110.325,20.72],[110.314,20.671],[110.512,20.518],[110.519,20.459],[110.487,20.426],[110.451,20.355],[110.347,20.295],[110.123,20.263],[109.94,20.295],[109.882,20.364],[109.886,20.413],[109.932,20.399],[109.983,20.404],[109.968,20.449],[109.947,20.475],[109.86,20.515],[109.792,20.623],[109.806,20.711],[109.767,20.781],[109.727,20.84],[109.684,20.874],[109.662,20.918],[109.706,21.053],[109.68,21.131],[109.76,21.228],[109.781,21.338],[109.922,21.376],[109.932,21.48],[109.828,21.484],[109.76,21.56],[109.742,21.529],[109.688,21.525],[109.594,21.671],[109.565,21.69],[109.522,21.694],[109.544,21.537],[109.436,21.48],[109.346,21.454],[109.22,21.444],[109.148,21.426],[109.083,21.44],[109.097,21.487],[109.133,21.544],[109.101,21.591],[109.029,21.626],[108.921,21.624],[108.845,21.635],[108.773,21.631],[108.744,21.652],[108.676,21.725],[108.615,21.77],[108.59,21.815],[108.615,21.869],[108.593,21.9],[108.478,21.904],[108.482,21.829],[108.492,21.739],[108.525,21.671],[108.503,21.633],[108.446,21.607],[108.384,21.68],[108.356,21.697],[108.323,21.694],[108.302,21.623],[108.248,21.558],[108.147,21.565],[108.068,21.525],[107.974,21.508]]],[[[110.89,19.992],[110.937,19.947],[110.969,19.883],[110.998,19.765],[111.013,19.656],[110.912,19.586],[110.822,19.558],[110.642,19.291],[110.602,19.208],[110.573,19.171],[110.563,19.135],[110.566,19.098],[110.519,18.97],[110.476,18.812],[110.451,18.748],[110.401,18.699],[110.332,18.673],[110.293,18.67],[110.253,18.656],[110.156,18.571],[110.048,18.505],[110.066,18.475],[110.066,18.447],[110.019,18.416],[109.968,18.421],[109.817,18.397],[109.76,18.348],[109.702,18.26],[109.68,18.248],[109.59,18.227],[109.518,18.218],[109.4,18.281],[109.342,18.3],[109.184,18.326],[109.029,18.368],[108.921,18.416],[108.701,18.536],[108.676,18.749],[108.636,18.866],[108.636,18.907],[108.651,19.265],[108.665,19.303],[108.694,19.338],[108.791,19.418],[108.903,19.482],[109.061,19.614],[109.18,19.675],[109.277,19.762],[109.22,19.758],[109.176,19.768],[109.22,19.843],[109.263,19.883],[109.313,19.904],[109.418,19.888],[109.515,19.904],[109.583,19.97],[109.652,19.984],[109.907,19.963],[110.084,19.992],[110.17,20.053],[110.213,20.057],[110.343,20.039],[110.393,19.975],[110.39,20.018],[110.393,20.058],[110.419,20.055],[110.588,19.977],[110.588,20.072],[110.599,20.098],[110.653,20.138],[110.678,20.137],[110.746,20.06],[110.807,20.015],[110.89,19.992]]]]}},{"type":"Feature","properties":{"code":"kh"},"geometry":{"type":"MultiPolygon","coordinates":[[[[103.046,11.285],[103.028,11.276],[103.01,11.276],[102.992,11.29],[102.995,11.349],[103.006,11.384],[103.038,11.391],[103.046,11.285]]],[[[103.319,10.719],[103.28,10.681],[103.222,10.76],[103.222,10.781],[103.319,10.719]]],[[[107.52,14.705],[107.535,14.651],[107.492,14.547],[107.448,14.451],[107.366,14.37],[107.362,14.307],[107.33,14.126],[107.344,14.069],[107.362,14.019],[107.391,13.993],[107.463,13.816],[107.528,13.654],[107.592,13.522],[107.607,13.437],[107.546,13.226],[107.474,13.031],[107.481,12.934],[107.513,12.835],[107.542,12.706],[107.556,12.54],[107.538,12.432],[107.506,12.364],[107.445,12.295],[107.394,12.26],[107.33,12.319],[107.279,12.321],[107.211,12.304],[107.16,12.278],[107.052,12.175],[106.93,12.078],[106.764,12.052],[106.7,11.979],[106.631,11.969],[106.498,11.965],[106.415,11.948],[106.419,11.911],[106.412,11.738],[106.412,11.698],[106.401,11.687],[106.34,11.682],[106.239,11.708],[106.102,11.752],[106.005,11.759],[105.954,11.682],[105.926,11.653],[105.89,11.649],[105.85,11.635],[105.839,11.601],[105.836,11.559],[105.854,11.488],[105.861,11.373],[105.857,11.295],[105.893,11.245],[106.098,11.078],[106.16,11.036],[106.167,11.012],[106.131,10.922],[106.163,10.795],[106.098,10.797],[105.99,10.852],[105.936,10.885],[105.875,10.859],[105.854,10.863],[105.81,10.925],[105.756,10.99],[105.699,10.995],[105.576,10.969],[105.454,10.951],[105.407,10.951],[105.386,10.941],[105.314,10.845],[105.285,10.861],[105.159,10.898],[105.047,10.911],[105.022,10.887],[105.036,10.809],[105.062,10.734],[105.047,10.701],[104.982,10.661],[104.9,10.59],[104.849,10.535],[104.817,10.521],[104.691,10.523],[104.565,10.516],[104.514,10.464],[104.468,10.422],[104.428,10.411],[104.262,10.542],[103.938,10.587],[103.902,10.644],[103.87,10.654],[103.841,10.58],[103.661,10.509],[103.586,10.552],[103.532,10.604],[103.539,10.668],[103.593,10.72],[103.679,10.759],[103.722,10.891],[103.654,11.059],[103.596,11.108],[103.532,11.148],[103.467,11.083],[103.413,10.977],[103.355,10.922],[103.272,10.91],[103.154,10.913],[103.107,11.075],[103.092,11.212],[103.107,11.368],[103.125,11.46],[103.01,11.588],[103.002,11.71],[102.948,11.774],[102.934,11.741],[102.934,11.706],[102.92,11.733],[102.736,12.09],[102.707,12.255],[102.736,12.384],[102.754,12.427],[102.704,12.493],[102.628,12.569],[102.498,12.67],[102.491,12.828],[102.462,13.015],[102.423,13.078],[102.362,13.193],[102.329,13.288],[102.318,13.54],[102.336,13.561],[102.43,13.567],[102.545,13.585],[102.567,13.627],[102.545,13.66],[102.621,13.717],[102.729,13.842],[102.812,13.972],[102.873,14.055],[102.909,14.137],[103.031,14.253],[103.2,14.333],[103.312,14.352],[103.431,14.378],[103.546,14.418],[103.6,14.422],[103.74,14.375],[103.82,14.363],[103.899,14.363],[103.982,14.357],[104.054,14.363],[104.226,14.396],[104.41,14.37],[104.576,14.39],[104.777,14.429],[104.878,14.404],[104.968,14.366],[104.982,14.29],[105.004,14.255],[105.033,14.227],[105.072,14.227],[105.126,14.281],[105.17,14.337],[105.184,14.347],[105.184,14.319],[105.206,14.26],[105.245,14.201],[105.285,14.161],[105.35,14.109],[105.393,14.107],[105.533,14.156],[105.738,14.085],[105.764,14.048],[105.832,13.977],[105.904,13.925],[106.066,13.922],[106.124,14.048],[106.098,14.126],[106.005,14.264],[105.98,14.343],[106.008,14.357],[106.167,14.373],[106.192,14.389],[106.224,14.475],[106.268,14.467],[106.354,14.455],[106.448,14.515],[106.502,14.578],[106.53,14.55],[106.563,14.505],[106.599,14.479],[106.664,14.441],[106.739,14.387],[106.782,14.335],[106.818,14.314],[106.912,14.33],[106.937,14.328],[106.991,14.39],[107.031,14.425],[107.063,14.416],[107.11,14.416],[107.207,14.498],[107.261,14.573],[107.294,14.592],[107.38,14.555],[107.416,14.562],[107.466,14.665],[107.52,14.705]]]]}},{"type":"Feature","properties":{"code":"mm"},"geometry":{"type":"MultiPolygon","coordinates":[[[[100.122,20.317],[100.004,20.38],[99.953,20.416],[99.892,20.425],[99.824,20.385],[99.773,20.341],[99.719,20.326],[99.64,20.321],[99.532,20.343],[99.46,20.362],[99.449,20.352],[99.489,20.26],[99.503,20.189],[99.485,20.15],[99.453,20.119],[99.399,20.093],[99.338,20.079],[99.284,20.081],[99.197,20.116],[99.132,20.117],[99.075,20.1],[99.039,20.074],[99.021,20.041],[98.988,19.862],[98.96,19.805],[98.916,19.774],[98.877,19.77],[98.819,19.779],[98.762,19.77],[98.495,19.701],[98.456,19.694],[98.373,19.689],[98.294,19.687],[98.24,19.69],[98.11,19.762],[98.049,19.77],[98.016,19.749],[97.991,19.654],[97.916,19.593],[97.818,19.459],[97.793,19.265],[97.804,19.13],[97.714,18.996],[97.707,18.932],[97.754,18.621],[97.746,18.588],[97.728,18.572],[97.671,18.562],[97.577,18.529],[97.516,18.498],[97.484,18.494],[97.397,18.517],[97.376,18.519],[97.379,18.494],[97.451,18.359],[97.523,18.296],[97.599,18.303],[97.631,18.291],[97.624,18.258],[97.653,18.173],[97.721,18.038],[97.739,17.935],[97.7,17.833],[97.707,17.796],[97.728,17.776],[97.793,17.682],[97.93,17.533],[98.063,17.373],[98.175,17.239],[98.258,17.147],[98.438,16.975],[98.47,16.895],[98.477,16.732],[98.524,16.638],[98.564,16.571],[98.592,16.515],[98.661,16.331],[98.69,16.305],[98.837,16.418],[98.87,16.394],[98.888,16.352],[98.888,16.298],[98.866,16.237],[98.819,16.18],[98.592,16.05],[98.574,15.939],[98.56,15.769],[98.553,15.56],[98.564,15.404],[98.556,15.368],[98.538,15.35],[98.452,15.357],[98.33,15.279],[98.286,15.272],[98.232,15.241],[98.193,15.205],[98.178,15.147],[98.204,14.975],[98.247,14.814],[98.333,14.696],[98.402,14.602],[98.495,14.474],[98.571,14.359],[98.722,14.236],[98.934,14.05],[99.014,13.948],[99.086,13.823],[99.136,13.717],[99.158,13.576],[99.172,13.496],[99.176,13.232],[99.136,13.173],[99.107,13.104],[99.125,13.031],[99.172,12.962],[99.172,12.882],[99.219,12.739],[99.298,12.653],[99.374,12.594],[99.406,12.548],[99.395,12.474],[99.417,12.396],[99.431,12.309],[99.464,12.191],[99.521,12.09],[99.615,11.781],[99.611,11.75],[99.572,11.687],[99.514,11.63],[99.478,11.613],[99.442,11.554],[99.359,11.389],[99.19,11.106],[99.024,10.92],[98.888,10.788],[98.787,10.708],[98.758,10.661],[98.758,10.623],[98.776,10.557],[98.769,10.431],[98.747,10.351],[98.718,10.266],[98.704,10.191],[98.657,10.179],[98.564,10.035],[98.52,10.108],[98.495,10.182],[98.524,10.352],[98.466,10.675],[98.502,10.719],[98.535,10.741],[98.6,10.865],[98.675,10.986],[98.682,11.134],[98.744,11.24],[98.729,11.33],[98.733,11.436],[98.747,11.521],[98.74,11.592],[98.79,11.665],[98.877,11.72],[98.841,11.739],[98.805,11.779],[98.693,11.719],[98.636,11.738],[98.625,11.802],[98.639,11.87],[98.646,11.91],[98.69,11.956],[98.686,12.047],[98.664,12.127],[98.697,12.226],[98.632,12.226],[98.6,12.245],[98.618,12.3],[98.679,12.349],[98.625,12.441],[98.664,12.54],[98.664,12.663],[98.636,12.771],[98.636,12.849],[98.596,12.986],[98.574,13.161],[98.488,13.293],[98.42,13.484],[98.247,13.734],[98.247,13.84],[98.24,13.934],[98.2,13.981],[98.15,13.647],[98.11,13.713],[98.099,13.899],[98.074,13.986],[98.099,14.161],[97.998,14.335],[97.977,14.462],[97.908,14.652],[97.93,14.696],[98.02,14.652],[97.937,14.764],[97.869,14.739],[97.811,14.859],[97.8,15.185],[97.743,15.307],[97.775,15.43],[97.71,15.876],[97.584,16.019],[97.61,16.144],[97.642,16.253],[97.635,16.458],[97.664,16.52],[97.725,16.569],[97.667,16.552],[97.62,16.538],[97.505,16.526],[97.376,16.522],[97.332,16.671],[97.268,16.743],[97.21,16.892],[97.178,17.062],[97.199,17.095],[97.102,17.164],[97.073,17.206],[96.969,17.317],[96.85,17.401],[96.879,17.342],[96.911,17.305],[96.85,17.203],[96.908,17.031],[96.857,16.921],[96.81,16.779],[96.767,16.71],[96.623,16.564],[96.508,16.513],[96.432,16.505],[96.364,16.52],[96.281,16.597],[96.263,16.659],[96.249,16.765],[96.22,16.781],[96.188,16.769],[96.238,16.632],[96.238,16.567],[96.324,16.444],[96.292,16.409],[96.134,16.343],[96.08,16.354],[96.044,16.34],[96.033,16.284],[96.011,16.253],[95.763,16.17],[95.712,16.073],[95.68,15.977],[95.554,15.838],[95.388,15.724],[95.349,15.729],[95.302,15.757],[95.309,15.88],[95.363,15.986],[95.345,16.097],[95.334,16.033],[95.226,15.876],[95.176,15.826],[95.079,15.84],[94.942,15.819],[94.892,15.979],[94.892,16.038],[94.881,16.088],[94.899,16.14],[94.892,16.184],[94.859,16.102],[94.848,16.033],[94.798,15.972],[94.661,15.904],[94.658,15.989],[94.65,16.066],[94.679,16.133],[94.676,16.243],[94.719,16.399],[94.715,16.453],[94.704,16.512],[94.679,16.425],[94.665,16.336],[94.636,16.309],[94.589,16.29],[94.496,16.185],[94.442,16.095],[94.298,16.008],[94.226,16.017],[94.215,16.126],[94.272,16.517],[94.326,16.573],[94.355,16.64],[94.398,16.868],[94.452,16.954],[94.474,17.135],[94.496,17.166],[94.564,17.309],[94.589,17.569],[94.56,17.699],[94.496,17.824],[94.431,18.201],[94.265,18.506],[94.251,18.609],[94.172,18.732],[94.247,18.741],[94.092,18.848],[94.071,18.894],[94.038,19.147],[94.046,19.288],[94.024,19.269],[94.002,19.182],[93.941,19.145],[93.966,18.994],[93.963,18.958],[93.93,18.9],[93.801,18.961],[93.707,19.027],[93.599,19.189],[93.495,19.369],[93.531,19.397],[93.578,19.4],[93.729,19.267],[93.826,19.239],[93.887,19.272],[93.963,19.329],[93.999,19.44],[93.959,19.482],[93.887,19.505],[93.84,19.534],[93.768,19.609],[93.761,19.649],[93.74,19.697],[93.668,19.732],[93.61,19.775],[93.66,19.854],[93.707,19.913],[93.581,19.909],[93.441,20.01],[93.408,20.038],[93.362,20.058],[93.25,20.071],[93.156,20.041],[93.2,19.899],[93.192,19.852],[93.131,19.859],[93.002,20.074],[93.041,20.13],[93.095,20.182],[93.07,20.189],[93.016,20.185],[93.066,20.378],[93.034,20.406],[93.02,20.347],[92.991,20.288],[92.883,20.152],[92.829,20.178],[92.793,20.211],[92.843,20.282],[92.872,20.301],[92.89,20.34],[92.85,20.414],[92.786,20.47],[92.735,20.562],[92.71,20.564],[92.732,20.454],[92.724,20.296],[92.609,20.47],[92.379,20.718],[92.325,20.791],[92.31,20.864],[92.285,20.932],[92.267,21.005],[92.264,21.062],[92.213,21.112],[92.192,21.202],[92.181,21.293],[92.21,21.359],[92.278,21.428],[92.332,21.44],[92.372,21.409],[92.472,21.362],[92.541,21.32],[92.57,21.263],[92.598,21.27],[92.631,21.307],[92.624,21.35],[92.595,21.468],[92.584,21.609],[92.584,21.94],[92.573,21.978],[92.631,22.011],[92.652,22.05],[92.674,22.105],[92.688,22.131],[92.721,22.133],[92.771,22.105],[92.854,22.01],[92.908,21.989],[92.966,22.004],[93.023,22.145],[93.045,22.183],[93.07,22.209],[93.12,22.206],[93.153,22.23],[93.164,22.293],[93.164,22.36],[93.106,22.548],[93.088,22.633],[93.077,22.718],[93.113,22.807],[93.164,22.907],[93.153,22.997],[93.164,23.032],[93.203,23.037],[93.254,23.015],[93.308,23.03],[93.351,23.084],[93.365,23.133],[93.39,23.339],[93.408,23.529],[93.416,23.681],[93.372,23.773],[93.308,24.022],[93.326,24.063],[93.354,24.074],[93.452,23.987],[93.495,23.973],[93.563,23.985],[93.632,24.006],[93.682,24.006],[93.758,23.977],[93.855,23.944],[94.01,23.904],[94.074,23.872],[94.128,23.876],[94.172,23.973],[94.218,24.114],[94.294,24.322],[94.377,24.473],[94.398,24.515],[94.492,24.638],[94.586,24.766],[94.665,24.931],[94.708,25.049],[94.704,25.098],[94.676,25.138],[94.614,25.164],[94.568,25.192],[94.553,25.216],[94.553,25.244],[94.578,25.32],[94.622,25.411],[94.668,25.459],[94.787,25.52],[94.863,25.598],[94.946,25.7],[94.992,25.77],[95.014,25.912],[95.039,25.942],[95.093,25.987],[95.133,26.041],[95.129,26.07],[95.108,26.091],[95.068,26.192],[95.05,26.348],[95.061,26.475],[95.09,26.525],[95.129,26.598],[95.201,26.641],[95.306,26.673],[95.464,26.756],[95.738,26.95],[95.838,27.015],[95.907,27.046],[95.972,27.127],[96.062,27.218],[96.191,27.261],[96.274,27.278],[96.666,27.339],[96.731,27.332],[96.8,27.296],[96.879,27.178],[96.954,27.133],[97.037,27.101],[97.102,27.115],[97.102,27.164],[96.9,27.44],[96.882,27.515],[96.875,27.587],[96.9,27.643],[96.962,27.699],[97.048,27.759],[97.16,27.837],[97.224,27.89],[97.307,27.907],[97.336,27.938],[97.343,27.982],[97.34,28.03],[97.304,28.086],[97.311,28.155],[97.322,28.218],[97.358,28.254],[97.433,28.355],[97.476,28.426],[97.502,28.457],[97.538,28.511],[97.599,28.516],[97.66,28.501],[97.696,28.469],[97.728,28.407],[97.768,28.357],[97.815,28.357],[97.865,28.363],[97.887,28.357],[97.934,28.313],[98.024,28.211],[98.063,28.186],[98.099,28.143],[98.117,28.054],[98.132,27.968],[98.24,27.664],[98.276,27.6],[98.297,27.549],[98.351,27.539],[98.391,27.587],[98.409,27.64],[98.452,27.657],[98.506,27.648],[98.6,27.6],[98.65,27.572],[98.675,27.423],[98.682,27.245],[98.675,27.19],[98.715,27.044],[98.729,26.877],[98.74,26.785],[98.74,26.699],[98.733,26.584],[98.711,26.43],[98.672,26.299],[98.686,26.19],[98.664,26.14],[98.571,26.114],[98.564,26.072],[98.592,26.004],[98.654,25.917],[98.657,25.864],[98.625,25.827],[98.56,25.824],[98.466,25.789],[98.402,25.678],[98.333,25.588],[98.297,25.568],[98.171,25.595],[98.142,25.572],[98.099,25.416],[98.063,25.35],[98.009,25.292],[97.962,25.259],[97.919,25.237],[97.818,25.253],[97.768,25.159],[97.714,25.034],[97.71,24.97],[97.739,24.871],[97.725,24.843],[97.671,24.82],[97.584,24.775],[97.53,24.631],[97.53,24.492],[97.563,24.444],[97.624,24.423],[97.667,24.379],[97.671,24.313],[97.707,24.228],[97.692,24.131],[97.57,23.989],[97.563,23.911],[97.631,23.886],[97.685,23.898],[97.757,23.931],[97.836,23.987],[98.016,24.065],[98.211,24.11],[98.366,24.119],[98.499,24.115],[98.564,24.098],[98.585,24.07],[98.765,24.115],[98.801,24.119],[98.834,24.121],[98.834,24.091],[98.7,23.964],[98.675,23.905],[98.682,23.841],[98.736,23.784],[98.787,23.737],[98.834,23.624],[98.798,23.52],[98.819,23.482],[98.859,23.44],[98.884,23.381],[98.884,23.308],[98.862,23.192],[99.057,23.131],[99.219,23.103],[99.341,23.096],[99.417,23.069],[99.464,23.046],[99.496,23.004],[99.507,22.959],[99.467,22.928],[99.384,22.826],[99.338,22.688],[99.345,22.586],[99.338,22.497],[99.244,22.371],[99.204,22.282],[99.172,22.192],[99.172,22.154],[99.194,22.126],[99.233,22.11],[99.302,22.1],[99.388,22.11],[99.593,22.09],[99.824,22.05],[99.917,22.029],[99.95,21.989],[99.939,21.902],[99.924,21.82],[99.942,21.758],[99.978,21.702],[100.04,21.683],[100.097,21.661],[100.104,21.617],[100.09,21.558],[100.115,21.511],[100.148,21.48],[100.216,21.463],[100.349,21.501],[100.446,21.484],[100.533,21.458],[100.605,21.472],[100.677,21.505],[100.835,21.656],[101.019,21.737],[101.08,21.756],[101.12,21.746],[101.13,21.735],[101.127,21.706],[101.148,21.581],[101.138,21.567],[101.08,21.468],[100.929,21.366],[100.821,21.314],[100.756,21.312],[100.702,21.251],[100.659,21.13],[100.612,21.06],[100.565,21.038],[100.536,20.992],[100.522,20.921],[100.551,20.885],[100.619,20.88],[100.623,20.859],[100.565,20.826],[100.493,20.814],[100.407,20.824],[100.328,20.796],[100.248,20.73],[100.184,20.59],[100.13,20.373],[100.122,20.317]]],[[[98.211,10.953],[98.294,10.779],[98.283,10.753],[98.272,10.74],[98.25,10.745],[98.218,10.838],[98.157,10.898],[98.081,10.887],[98.142,10.963],[98.168,10.981],[98.211,10.953]]],[[[98.182,9.934],[98.135,9.875],[98.117,9.878],[98.139,9.974],[98.222,10.045],[98.29,10.052],[98.283,10.007],[98.232,9.953],[98.182,9.934]]],[[[98.222,11.479],[98.218,11.457],[98.211,11.457],[98.186,11.472],[98.2,11.568],[98.24,11.644],[98.279,11.759],[98.301,11.783],[98.308,11.722],[98.283,11.594],[98.265,11.524],[98.222,11.479]]],[[[98.517,11.904],[98.474,11.899],[98.456,12.061],[98.466,12.085],[98.524,12.005],[98.61,11.956],[98.578,11.925],[98.517,11.904]]],[[[98.553,11.745],[98.528,11.538],[98.466,11.568],[98.434,11.568],[98.398,11.684],[98.398,11.715],[98.376,11.792],[98.524,11.805],[98.553,11.745]]],[[[98.412,12.599],[98.438,12.571],[98.47,12.571],[98.459,12.474],[98.38,12.354],[98.333,12.337],[98.315,12.337],[98.333,12.512],[98.301,12.611],[98.312,12.679],[98.398,12.647],[98.412,12.599]]],[[[98.135,12.151],[98.124,12.146],[98.11,12.147],[98.074,12.165],[98.038,12.233],[98.056,12.279],[98.07,12.292],[98.106,12.288],[98.121,12.279],[98.128,12.262],[98.117,12.224],[98.121,12.191],[98.135,12.151]]],[[[94.478,15.946],[94.413,15.849],[94.388,15.994],[94.496,16.076],[94.546,16.152],[94.6,16.206],[94.618,16.142],[94.568,16.019],[94.478,15.946]]],[[[97.574,16.253],[97.538,16.241],[97.48,16.305],[97.469,16.461],[97.516,16.496],[97.541,16.505],[97.581,16.486],[97.592,16.461],[97.599,16.43],[97.588,16.397],[97.574,16.253]]],[[[98.542,10.962],[98.52,10.96],[98.499,10.963],[98.477,10.979],[98.528,11.087],[98.542,10.962]]],[[[98.074,11.693],[98.085,11.637],[98.02,11.696],[98.009,11.861],[98.06,11.757],[98.081,11.733],[98.074,11.693]]],[[[98.067,12.39],[98.06,12.354],[98.002,12.279],[97.952,12.323],[97.937,12.345],[97.991,12.394],[98.045,12.387],[98.06,12.397],[98.067,12.39]]],[[[98.315,13.099],[98.308,12.934],[98.258,13.014],[98.25,13.104],[98.254,13.189],[98.265,13.203],[98.268,13.189],[98.297,13.151],[98.315,13.099]]],[[[94.805,15.819],[94.784,15.793],[94.744,15.812],[94.733,15.823],[94.827,15.934],[94.838,15.892],[94.805,15.819]]]]}},{"type":"Feature","properties":{"code":"bn"},"geometry":{"type":"MultiPolygon","coordinates":[[[[115.142,4.9],[115.167,4.867],[115.228,4.75],[115.268,4.634],[115.279,4.457],[115.325,4.381],[115.318,4.365],[115.289,4.353],[115.246,4.348],[115.171,4.365],[115.106,4.391],[115.052,4.582],[115.027,4.691],[115.03,4.822],[115.027,4.9],[115.142,4.9]]],[[[115.027,4.9],[114.944,4.856],[114.865,4.802],[114.785,4.756],[114.746,4.717],[114.76,4.667],[114.778,4.552],[114.789,4.464],[114.818,4.429],[114.839,4.393],[114.832,4.355],[114.782,4.282],[114.811,4.266],[114.775,4.169],[114.724,4.096],[114.656,4.037],[114.609,4.025],[114.573,4.049],[114.512,4.113],[114.447,4.203],[114.418,4.256],[114.325,4.263],[114.289,4.304],[114.289,4.355],[114.26,4.414],[114.224,4.478],[114.17,4.526],[114.094,4.565],[114.065,4.592],[114.177,4.591],[114.299,4.608],[114.425,4.66],[114.544,4.724],[114.645,4.799],[114.742,4.881],[114.839,4.947],[114.994,5.023],[115.048,5.016],[115.048,4.962],[115.027,4.9]]]]}}]}